,acc_test_teacher,acc_test_student,acc_test_distilled,acc_train_teacher,acc_train_student,acc_train_distilled,time_train_teacher,time_train_student,time_train_distilled,time_test_teacher,time_test_student,time_test_distilled
0,58.97115384615385,65.5,58.97115384615385,59.57211538461539,66.27804487179488,59.57211538461539,5.013440370559692,0.8604590892791748,5.013440370559692,3.1067497730255127,0.24968910217285156,3.1067497730255127
1,61.61057692307692,68.8798076923077,61.61057692307692,62.811698717948715,69.58092948717949,62.811698717948715,4.273389101028442,0.7484803199768066,4.273389101028442,3.1921112537384033,0.2540128231048584,3.1921112537384033
2,68.26442307692308,71.4951923076923,68.26442307692308,69.41185897435898,72.07451923076923,69.41185897435898,4.014323472976685,0.7479891777038574,4.014323472976685,3.140446424484253,0.2673759460449219,3.140446424484253
3,68.82692307692308,73.27403846153845,68.82692307692308,70.22996794871796,73.70592948717949,70.22996794871796,3.889709711074829,0.7200372219085693,3.889709711074829,3.1390018463134766,0.2540919780731201,3.1390018463134766
4,70.92307692307692,72.30288461538461,70.92307692307692,72.47516025641025,73.44150641025641,72.47516025641025,3.83634352684021,0.6952292919158936,3.83634352684021,3.241262197494507,0.2546391487121582,3.241262197494507
5,69.20192307692308,73.2451923076923,69.20192307692308,71.09375,74.36778846153847,71.09375,3.757599353790283,0.710432767868042,3.757599353790283,3.255307674407959,0.25805163383483887,3.255307674407959
6,71.72596153846153,74.46153846153845,71.72596153846153,73.90544871794872,75.19951923076923,73.90544871794872,3.6940855979919434,0.7145094871520996,3.6940855979919434,3.3044135570526123,0.2602221965789795,3.3044135570526123
7,70.52884615384616,72.9375,70.52884615384616,72.12339743589745,73.93669871794873,72.12339743589745,3.6383988857269287,0.6773989200592041,3.6383988857269287,3.2179341316223145,0.2616918087005615,3.2179341316223145
8,74.05288461538461,73.73076923076923,74.05288461538461,76.2548076923077,74.95673076923077,76.2548076923077,3.6088998317718506,0.6673099994659424,3.6088998317718506,3.362729549407959,0.2628970146179199,3.362729549407959
9,73.60096153846155,74.60096153846155,73.60096153846155,75.88060897435898,75.86378205128204,75.88060897435898,3.563765525817871,0.665719747543335,3.563765525817871,3.2085111141204834,0.2650949954986572,3.2085111141204834
10,74.59615384615384,73.91826923076923,74.59615384615384,77.37259615384615,74.8838141025641,77.37259615384615,3.56658935546875,0.6606855392456055,3.56658935546875,3.2531604766845703,0.27938199043273926,3.2531604766845703
11,74.5,74.88461538461539,74.5,76.77323717948717,75.54807692307692,76.77323717948717,3.5372679233551025,0.6554892063140869,3.5372679233551025,3.189976215362549,0.25359177589416504,3.189976215362549
12,75.35576923076923,75.47115384615385,75.35576923076923,77.93028846153847,76.51282051282051,77.93028846153847,3.5010769367218018,0.6499857902526855,3.5010769367218018,3.3222787380218506,0.2533383369445801,3.3222787380218506
13,74.77403846153847,75.85576923076923,74.77403846153847,77.48958333333333,76.65224358974359,77.48958333333333,3.5079452991485596,0.6595425605773926,3.5079452991485596,3.366874933242798,0.26580214500427246,3.366874933242798
14,75.88942307692308,75.84134615384616,75.88942307692308,78.47676282051282,76.7411858974359,78.47676282051282,3.497680425643921,0.6492006778717041,3.497680425643921,3.4192466735839844,0.2623584270477295,3.4192466735839844
15,76.61538461538461,75.85576923076923,76.61538461538461,79.09214743589743,76.89663461538461,79.09214743589743,3.451740264892578,0.6437666416168213,3.451740264892578,3.2600209712982178,0.2658522129058838,3.2600209712982178
16,74.96634615384615,75.875,74.96634615384615,77.93990384615384,76.67548076923076,77.93990384615384,3.4320058822631836,0.6496157646179199,3.4320058822631836,3.3000144958496094,0.259197473526001,3.3000144958496094
17,75.26442307692308,75.34134615384616,75.26442307692308,78.48557692307693,76.46554487179488,78.48557692307693,3.414060354232788,0.6596026420593262,3.414060354232788,3.303302049636841,0.2759969234466553,3.303302049636841
18,76.90384615384616,76.1298076923077,76.90384615384616,80.2724358974359,77.57451923076924,80.2724358974359,3.405001640319824,0.6421937942504883,3.405001640319824,3.25228214263916,0.25855445861816406,3.25228214263916
19,76.6923076923077,76.29807692307692,76.6923076923077,80.31971153846153,77.3798076923077,80.31971153846153,3.386948347091675,0.6431500911712646,3.386948347091675,3.214996576309204,0.25101399421691895,3.214996576309204
20,77.33653846153847,75.48076923076923,77.33653846153847,80.48317307692308,76.99839743589743,80.48317307692308,3.397059440612793,0.6328544616699219,3.397059440612793,3.3744821548461914,0.26053500175476074,3.3744821548461914
21,76.09134615384615,75.95192307692308,76.09134615384615,79.51923076923076,76.98557692307692,79.51923076923076,3.4013874530792236,0.6383593082427979,3.4013874530792236,3.3514087200164795,0.25979137420654297,3.3514087200164795
22,76.61057692307692,75.0048076923077,76.61057692307692,79.78926282051282,76.46073717948718,79.78926282051282,3.3660292625427246,0.6425299644470215,3.3660292625427246,3.2616629600524902,0.26692724227905273,3.2616629600524902
23,77.07692307692308,77.34134615384616,77.07692307692308,80.72195512820512,78.94150641025641,80.72195512820512,3.3522167205810547,0.6303517818450928,3.3522167205810547,3.28359055519104,0.256824254989624,3.28359055519104
24,75.83653846153847,75.65865384615384,75.83653846153847,79.49919871794872,77.26121794871796,79.49919871794872,3.34271502494812,0.623507022857666,3.34271502494812,3.222039222717285,0.26079463958740234,3.222039222717285
25,77.25961538461539,76.90384615384616,77.25961538461539,80.8301282051282,78.3701923076923,80.8301282051282,3.3301069736480713,0.6327521800994873,3.3301069736480713,3.2616286277770996,0.2687854766845703,3.2616286277770996
26,77.38461538461539,76.42788461538461,77.38461538461539,80.9735576923077,77.51121794871794,80.9735576923077,3.34110951423645,0.6321945190429688,3.34110951423645,3.2771787643432617,0.25767064094543457,3.2771787643432617
27,77.52403846153845,77.45192307692308,77.52403846153845,81.25721153846153,78.64903846153845,81.25721153846153,3.348795175552368,0.6332540512084961,3.348795175552368,3.3013813495635986,0.26108670234680176,3.3013813495635986
28,78.28846153846155,76.16346153846155,78.28846153846155,82.13541666666667,77.85977564102564,82.13541666666667,3.313876152038574,0.634366512298584,3.313876152038574,3.312041759490967,0.26267480850219727,3.312041759490967
29,77.27884615384616,77.13942307692308,77.27884615384616,81.32932692307693,78.81891025641026,81.32932692307693,3.2999837398529053,0.623375415802002,3.2999837398529053,3.2275032997131348,0.26108360290527344,3.2275032997131348
30,77.60096153846155,77.21153846153847,77.60096153846155,81.61698717948718,78.49038461538461,81.61698717948718,3.3115224838256836,0.6343307495117188,3.3115224838256836,3.3061227798461914,0.2648801803588867,3.3061227798461914
31,78.45673076923076,77.13461538461537,78.45673076923076,82.65224358974359,78.46554487179486,82.65224358974359,3.3195362091064453,0.6328151226043701,3.3195362091064453,3.3474740982055664,0.2636067867279053,3.3474740982055664
32,76.58653846153847,76.23076923076924,76.58653846153847,80.4238782051282,77.13541666666667,80.4238782051282,3.305299758911133,0.6251444816589355,3.305299758911133,3.266732931137085,0.26125144958496094,3.266732931137085
33,76.96634615384616,76.86057692307692,76.96634615384616,80.56330128205128,78.12820512820512,80.56330128205128,3.2988600730895996,0.617255687713623,3.2988600730895996,3.2506682872772217,0.2566838264465332,3.2506682872772217
34,78.26442307692307,77.58173076923077,78.26442307692307,82.59695512820512,79.00320512820512,82.59695512820512,3.31085205078125,0.6189589500427246,3.31085205078125,3.3404603004455566,0.26459264755249023,3.3404603004455566
35,78.9951923076923,76.85096153846153,78.9951923076923,83.1113782051282,78.16586538461539,83.1113782051282,3.2724645137786865,0.6218376159667969,3.2724645137786865,3.259897232055664,0.2538328170776367,3.259897232055664
36,79.2548076923077,77.58653846153845,79.2548076923077,83.5849358974359,78.94551282051282,83.5849358974359,3.2820627689361572,0.6198709011077881,3.2820627689361572,3.2263197898864746,0.25433874130249023,3.2263197898864746
37,78.64423076923077,76.11538461538461,78.64423076923077,82.88060897435898,77.81490384615385,82.88060897435898,3.2835869789123535,0.6268782615661621,3.2835869789123535,3.319420099258423,0.2627570629119873,3.319420099258423
38,77.53365384615385,76.05288461538461,77.53365384615385,81.59214743589743,77.6786858974359,81.59214743589743,3.258802652359009,0.6197013854980469,3.258802652359009,3.2331748008728027,0.2577972412109375,3.2331748008728027
39,79.6201923076923,77.26923076923077,79.6201923076923,83.78125,78.4110576923077,83.78125,3.274214029312134,0.6209969520568848,3.274214029312134,3.2215676307678223,0.26324009895324707,3.2215676307678223
40,79.2451923076923,77.1826923076923,79.2451923076923,83.76201923076924,78.78766025641025,83.76201923076924,3.2914321422576904,0.6202387809753418,3.2914321422576904,3.243629217147827,0.26262331008911133,3.243629217147827
41,78.25961538461539,76.6201923076923,78.25961538461539,82.6610576923077,78.60016025641026,82.6610576923077,3.252811908721924,0.6348342895507812,3.252811908721924,3.4253039360046387,0.2537860870361328,3.4253039360046387
42,78.36057692307692,78.22115384615384,78.36057692307692,83.2636217948718,79.65304487179488,83.2636217948718,3.2348649501800537,0.6210110187530518,3.2348649501800537,3.253678321838379,0.26381444931030273,3.253678321838379
43,79.02884615384616,77.33653846153847,79.02884615384616,83.5360576923077,79.19391025641026,83.5360576923077,3.2630836963653564,0.613593578338623,3.2630836963653564,3.280677080154419,0.26213788986206055,3.280677080154419
44,79.15865384615385,77.42307692307693,79.15865384615385,83.33092948717949,78.98557692307693,83.33092948717949,3.2341225147247314,0.623105525970459,3.2341225147247314,3.3771259784698486,0.2560110092163086,3.3771259784698486
45,79.83653846153847,77.67307692307692,79.83653846153847,84.14983974358974,79.37259615384616,84.14983974358974,3.206930160522461,0.6100139617919922,3.206930160522461,3.221431255340576,0.25908756256103516,3.221431255340576
46,78.85576923076924,77.83173076923077,78.85576923076924,83.01201923076923,79.1963141025641,83.01201923076923,3.233477830886841,0.633629322052002,3.233477830886841,3.4052910804748535,0.2554314136505127,3.4052910804748535
47,78.9951923076923,77.94711538461539,78.9951923076923,83.54647435897435,79.53445512820512,83.54647435897435,3.2226457595825195,0.6166832447052002,3.2226457595825195,3.2237887382507324,0.25690245628356934,3.2237887382507324
48,79.4375,76.39423076923076,79.4375,83.89503205128204,78.19951923076923,83.89503205128204,3.2288012504577637,0.6291196346282959,3.2288012504577637,3.247744560241699,0.2615780830383301,3.247744560241699
49,80.0048076923077,76.10576923076923,80.0048076923077,84.41346153846155,77.91426282051283,84.41346153846155,3.2509355545043945,0.618492603302002,3.2509355545043945,3.272085666656494,0.26952338218688965,3.272085666656494
50,78.65865384615385,77.41346153846153,78.65865384615385,83.32291666666667,79.1698717948718,83.32291666666667,3.211751937866211,0.6217634677886963,3.211751937866211,3.2964210510253906,0.2716495990753174,3.2964210510253906
51,78.84615384615384,77.61057692307692,78.84615384615384,83.52163461538461,79.15625,83.52163461538461,3.2231364250183105,0.6164429187774658,3.2231364250183105,3.331644058227539,0.2612006664276123,3.331644058227539
52,78.65865384615385,78.10576923076923,78.65865384615385,83.38301282051283,79.7275641025641,83.38301282051283,3.2387638092041016,0.6178114414215088,3.2387638092041016,3.229874849319458,0.2512335777282715,3.229874849319458
53,79.48076923076923,77.27403846153847,79.48076923076923,84.02804487179488,79.34054487179488,84.02804487179488,3.227900266647339,0.6163463592529297,3.227900266647339,3.411463499069214,0.26470398902893066,3.411463499069214
54,78.45673076923076,77.3173076923077,78.45673076923076,83.01522435897436,79.15945512820512,83.01522435897436,3.2331438064575195,0.6083037853240967,3.2331438064575195,3.2248313426971436,0.25317859649658203,3.2248313426971436
55,78.98557692307693,77.25,78.98557692307693,83.60977564102564,79.04326923076923,83.60977564102564,3.2284634113311768,0.6198444366455078,3.2284634113311768,3.2888736724853516,0.2614929676055908,3.2888736724853516
56,79.0625,77.55288461538463,79.0625,83.66185897435898,79.19791666666667,83.66185897435898,3.213243246078491,0.6207122802734375,3.213243246078491,3.3285865783691406,0.2644472122192383,3.3285865783691406
57,80.17788461538461,76.9951923076923,80.17788461538461,84.79647435897436,78.56410256410257,84.79647435897436,3.2336857318878174,0.624755859375,3.2336857318878174,3.372222661972046,0.25940370559692383,3.372222661972046
58,80.0625,77.20673076923077,80.0625,84.97676282051282,79.09615384615385,84.97676282051282,3.20184063911438,0.6188154220581055,3.20184063911438,3.2623391151428223,0.2643859386444092,3.2623391151428223
59,80.55288461538461,76.41346153846153,80.55288461538461,85.47996794871796,78.03205128205128,85.47996794871796,3.2031805515289307,0.6227185726165771,3.2031805515289307,3.2615809440612793,0.2638380527496338,3.2615809440612793
60,79.5576923076923,77.90865384615384,79.5576923076923,84.26602564102565,79.76041666666667,84.26602564102565,3.1761505603790283,0.6198620796203613,3.1761505603790283,3.361647605895996,0.2618708610534668,3.361647605895996
61,79.44711538461539,77.6826923076923,79.44711538461539,84.34054487179488,79.31570512820512,84.34054487179488,3.195826768875122,0.6131627559661865,3.195826768875122,3.2338860034942627,0.2673306465148926,3.2338860034942627
62,80.57211538461539,78.08173076923077,80.57211538461539,85.43189102564102,79.88782051282051,85.43189102564102,3.1993248462677,0.6161420345306396,3.1993248462677,3.2885472774505615,0.25535154342651367,3.2885472774505615
63,80.11538461538461,76.36057692307693,80.11538461538461,85.0488782051282,78.3076923076923,85.0488782051282,3.1887588500976562,0.6190848350524902,3.1887588500976562,3.232506513595581,0.2583796977996826,3.232506513595581
64,80.42788461538461,76.89423076923076,80.42788461538461,85.24919871794872,78.9238782051282,85.24919871794872,3.199880599975586,0.6069540977478027,3.199880599975586,3.2670247554779053,0.258528470993042,3.2670247554779053
65,79.9423076923077,78.27884615384615,79.9423076923077,85.20833333333333,80.1514423076923,85.20833333333333,3.212019681930542,0.6099965572357178,3.212019681930542,3.324615716934204,0.25140380859375,3.324615716934204
66,79.58653846153845,77.80288461538461,79.58653846153845,84.46714743589745,79.54967948717949,84.46714743589745,3.1821541786193848,0.6111149787902832,3.1821541786193848,3.409080743789673,0.2634882926940918,3.409080743789673
67,79.21153846153847,77.33173076923077,79.21153846153847,83.87740384615384,79.1298076923077,83.87740384615384,3.172778367996216,0.6033139228820801,3.172778367996216,3.3969833850860596,0.253507137298584,3.3969833850860596
68,81.04807692307693,78.1201923076923,81.04807692307693,85.9110576923077,80.01842948717949,85.9110576923077,3.1949145793914795,0.611391544342041,3.1949145793914795,3.4294934272766113,0.2545127868652344,3.4294934272766113
69,79.60096153846153,77.97115384615385,79.60096153846153,84.51842948717949,79.6201923076923,84.51842948717949,3.1703944206237793,0.6137077808380127,3.1703944206237793,3.29150390625,0.25211048126220703,3.29150390625
70,80.28365384615384,78.19711538461539,80.28365384615384,85.25400641025641,79.54086538461539,85.25400641025641,3.1783597469329834,0.6192569732666016,3.1783597469329834,3.2299306392669678,0.2569568157196045,3.2299306392669678
71,80.4326923076923,77.14903846153847,80.4326923076923,85.40945512820512,79.00560897435898,85.40945512820512,3.1640262603759766,0.6251099109649658,3.1640262603759766,3.4344582557678223,0.2610969543457031,3.4344582557678223
72,79.96634615384616,76.35096153846153,79.96634615384616,85.2139423076923,77.8349358974359,85.2139423076923,3.1864919662475586,0.6053779125213623,3.1864919662475586,3.362820625305176,0.2622523307800293,3.362820625305176
73,80.25,77.02884615384616,80.25,85.07532051282053,78.60897435897436,85.07532051282053,3.1585500240325928,0.6152424812316895,3.1585500240325928,3.248785972595215,0.263930082321167,3.248785972595215
74,81.28846153846155,76.80288461538461,81.28846153846155,86.60496794871794,78.8701923076923,86.60496794871794,3.1665704250335693,0.6208040714263916,3.1665704250335693,3.251332998275757,0.2545790672302246,3.251332998275757
75,80.80288461538461,76.95673076923077,80.80288461538461,85.54086538461539,78.48477564102564,85.54086538461539,3.1699187755584717,0.603996753692627,3.1699187755584717,3.240506410598755,0.2598536014556885,3.240506410598755
76,80.82211538461539,77.53365384615385,80.82211538461539,86.04567307692308,79.09455128205128,86.04567307692308,3.166914463043213,0.609771728515625,3.166914463043213,3.3539955615997314,0.25931525230407715,3.3539955615997314
77,81.34134615384615,77.20192307692308,81.34134615384615,86.05528846153845,79.0625,86.05528846153845,3.1565797328948975,0.6090435981750488,3.1565797328948975,3.279738187789917,0.26007962226867676,3.279738187789917
78,80.1923076923077,76.70673076923077,80.1923076923077,85.25160256410257,79.10016025641026,85.25160256410257,3.1512815952301025,0.6169195175170898,3.1512815952301025,3.3654425144195557,0.27497267723083496,3.3654425144195557
79,80.10096153846153,76.08653846153847,80.10096153846153,85.10096153846153,77.96073717948718,85.10096153846153,3.1668546199798584,0.6178803443908691,3.1668546199798584,3.263352155685425,0.2546827793121338,3.263352155685425
80,79.67307692307692,77.47596153846153,79.67307692307692,84.95833333333334,79.51522435897435,84.95833333333334,3.1511480808258057,0.5985572338104248,3.1511480808258057,3.2591335773468018,0.25189924240112305,3.2591335773468018
81,80.39423076923077,77.55288461538463,80.39423076923077,85.27163461538461,79.54326923076923,85.27163461538461,3.156221628189087,0.6002495288848877,3.156221628189087,3.228841781616211,0.2569582462310791,3.228841781616211
82,81.04807692307693,77.42788461538461,81.04807692307693,86.39022435897435,79.67147435897436,86.39022435897435,3.1464977264404297,0.603827953338623,3.1464977264404297,3.359044075012207,0.2566556930541992,3.359044075012207
83,80.03846153846153,77.01442307692308,80.03846153846153,85.3213141025641,79.3261217948718,85.3213141025641,3.149728298187256,0.6210837364196777,3.149728298187256,3.405202865600586,0.26210713386535645,3.405202865600586
84,81.39423076923077,77.76442307692307,81.39423076923077,86.82371794871796,79.98557692307692,86.82371794871796,3.1521506309509277,0.6214568614959717,3.1521506309509277,3.2502195835113525,0.2511634826660156,3.2502195835113525
85,80.38461538461539,76.55288461538461,80.38461538461539,85.79407051282051,78.56891025641025,85.79407051282051,3.140324592590332,0.614769697189331,3.140324592590332,3.2741432189941406,0.26795339584350586,3.2741432189941406
86,80.875,76.04807692307692,80.875,86.36538461538461,77.94471153846155,86.36538461538461,3.1457443237304688,0.6100599765777588,3.1457443237304688,3.2789764404296875,0.2517063617706299,3.2789764404296875
87,79.8701923076923,77.60576923076923,79.8701923076923,85.20673076923076,79.53044871794872,85.20673076923076,3.1454215049743652,0.6100108623504639,3.1454215049743652,3.227994918823242,0.252213716506958,3.227994918823242
88,80.14423076923077,76.5048076923077,80.14423076923077,85.45592948717949,78.54647435897436,85.45592948717949,3.1492221355438232,0.6121804714202881,3.1492221355438232,3.3947360515594482,0.26222753524780273,3.3947360515594482
89,80.23557692307692,78.64903846153845,80.23557692307692,85.44791666666667,80.17147435897436,85.44791666666667,3.1607656478881836,0.6130275726318359,3.1607656478881836,3.2309231758117676,0.26426053047180176,3.2309231758117676
90,79.39903846153847,77.34615384615384,79.39903846153847,84.82451923076924,78.9423076923077,84.82451923076924,3.13485050201416,0.6113100051879883,3.13485050201416,3.3590476512908936,0.26923584938049316,3.3590476512908936
91,80.41346153846153,76.32211538461539,80.41346153846153,86.18509615384615,78.3173076923077,86.18509615384615,3.1520676612854004,0.6122279167175293,3.1520676612854004,3.25285005569458,0.26444125175476074,3.25285005569458
92,80.0673076923077,76.90384615384616,80.0673076923077,85.30849358974359,78.86939102564102,85.30849358974359,3.188957452774048,0.6053640842437744,3.188957452774048,3.3252835273742676,0.25379037857055664,3.3252835273742676
93,80.3798076923077,78.27884615384615,80.3798076923077,85.74278846153847,80.20833333333334,85.74278846153847,3.158111333847046,0.61490797996521,3.158111333847046,3.3721349239349365,0.2576134204864502,3.3721349239349365
94,81.36057692307692,78.21153846153847,81.36057692307692,86.59294871794872,80.20432692307692,86.59294871794872,3.141765832901001,0.6118588447570801,3.141765832901001,3.4016382694244385,0.26529407501220703,3.4016382694244385
95,79.85096153846155,77.0673076923077,79.85096153846155,85.19391025641025,78.99679487179488,85.19391025641025,3.1504404544830322,0.6109848022460938,3.1504404544830322,3.5445027351379395,0.2720069885253906,3.5445027351379395
96,80.0625,77.66346153846155,80.0625,85.5536858974359,79.57451923076924,85.5536858974359,3.1694860458374023,0.6093332767486572,3.1694860458374023,3.3123044967651367,0.26299405097961426,3.3123044967651367
97,80.0625,76.6923076923077,80.0625,85.59935897435898,78.7548076923077,85.59935897435898,3.21148943901062,0.6030933856964111,3.21148943901062,3.287101984024048,0.26198554039001465,3.287101984024048
98,80.6298076923077,77.13942307692308,80.6298076923077,86.26041666666666,79.08253205128204,86.26041666666666,3.152188539505005,0.6139185428619385,3.152188539505005,3.4235870838165283,0.261336088180542,3.4235870838165283
99,79.72596153846155,76.72596153846155,79.72596153846155,85.14663461538461,78.70833333333334,85.14663461538461,3.1521081924438477,0.6097216606140137,3.1521081924438477,3.637127161026001,0.2549138069152832,3.637127161026001
100,80.5576923076923,77.88942307692308,80.5576923076923,86.17307692307692,79.79407051282051,86.17307692307692,3.1998796463012695,0.6137473583221436,3.1998796463012695,3.2570888996124268,0.27065205574035645,3.2570888996124268
101,81.00961538461539,77.11538461538461,81.00961538461539,86.52323717948718,78.96554487179486,86.52323717948718,3.1439504623413086,0.6141808032989502,3.1439504623413086,3.2845547199249268,0.2606542110443115,3.2845547199249268
102,80.60096153846153,77.51923076923077,80.60096153846153,86.09615384615384,79.4639423076923,86.09615384615384,3.145507335662842,0.6208722591400146,3.145507335662842,3.3687562942504883,0.2556636333465576,3.3687562942504883
103,81.05288461538461,77.27884615384616,81.05288461538461,86.4198717948718,79.42788461538461,86.4198717948718,3.1584908962249756,0.6135952472686768,3.1584908962249756,3.38687801361084,0.2622859477996826,3.38687801361084
104,81.8798076923077,77.77884615384615,81.8798076923077,87.38060897435898,79.54326923076923,87.38060897435898,3.1394054889678955,0.6269965171813965,3.1394054889678955,3.3145699501037598,0.2530198097229004,3.3145699501037598
105,79.7548076923077,77.45192307692308,79.7548076923077,85.27163461538461,79.49198717948718,85.27163461538461,3.129350185394287,0.614586353302002,3.129350185394287,3.427269697189331,0.25676751136779785,3.427269697189331
106,80.125,77.84615384615384,80.125,85.64102564102564,79.44791666666666,85.64102564102564,3.2057323455810547,0.6272594928741455,3.2057323455810547,3.4972472190856934,0.25664591789245605,3.4972472190856934
107,80.0673076923077,78.54807692307692,80.0673076923077,85.98798076923076,80.5176282051282,85.98798076923076,3.1727263927459717,0.6045510768890381,3.1727263927459717,3.34985613822937,0.26447010040283203,3.34985613822937
108,80.95192307692308,77.65384615384615,80.95192307692308,86.58573717948718,79.40384615384616,86.58573717948718,3.1789071559906006,0.6155788898468018,3.1789071559906006,3.2541379928588867,0.25464916229248047,3.2541379928588867
109,80.5048076923077,77.0048076923077,80.5048076923077,86.08092948717949,78.84375,86.08092948717949,3.1385607719421387,0.6022381782531738,3.1385607719421387,3.3946869373321533,0.26842403411865234,3.3946869373321533
110,81.17307692307692,77.875,81.17307692307692,87.07532051282051,79.34054487179488,87.07532051282051,3.125216245651245,0.6078660488128662,3.125216245651245,3.343255043029785,0.26432323455810547,3.343255043029785
111,80.73557692307692,77.55288461538463,80.73557692307692,86.92948717948717,79.42147435897436,86.92948717948717,3.1244964599609375,0.6068713665008545,3.1244964599609375,3.3280904293060303,0.25842714309692383,3.3280904293060303
112,81.03365384615384,78.23076923076923,81.03365384615384,86.60496794871794,80.125,86.60496794871794,3.136279582977295,0.6159579753875732,3.136279582977295,3.3551840782165527,0.2597033977508545,3.3551840782165527
113,81.45192307692307,77.46153846153845,81.45192307692307,87.2275641025641,79.09294871794872,87.2275641025641,3.137968063354492,0.6156466007232666,3.137968063354492,3.420187473297119,0.25899791717529297,3.420187473297119
114,81.5,78.22115384615384,81.5,87.68830128205128,79.83253205128204,87.68830128205128,3.1380345821380615,0.6111652851104736,3.1380345821380615,3.2568655014038086,0.2590937614440918,3.2568655014038086
115,81.36057692307692,77.13461538461537,81.36057692307692,87.15544871794872,79.13301282051282,87.15544871794872,3.1173410415649414,0.6064109802246094,3.1173410415649414,3.499134063720703,0.26092004776000977,3.499134063720703
116,81.40865384615384,78.61057692307692,81.40865384615384,87.3389423076923,80.29567307692308,87.3389423076923,3.14205265045166,0.6113412380218506,3.14205265045166,3.315842390060425,0.264237642288208,3.315842390060425
117,81.70673076923077,77.83653846153847,81.70673076923077,87.7099358974359,80.28846153846155,87.7099358974359,3.241896629333496,0.6006529331207275,3.241896629333496,3.4295599460601807,0.2610907554626465,3.4295599460601807
118,80.10576923076923,77.47115384615385,80.10576923076923,86.01282051282051,79.53285256410257,86.01282051282051,3.25129771232605,0.6074340343475342,3.25129771232605,3.3655622005462646,0.26683664321899414,3.3655622005462646
119,80.0625,77.85096153846153,80.0625,86.0536858974359,79.85977564102565,86.0536858974359,3.2797727584838867,0.6159467697143555,3.2797727584838867,3.2809689044952393,0.25734949111938477,3.2809689044952393
120,81.04326923076923,77.69711538461539,64.6875,86.87740384615384,79.31009615384616,66.10657051282051,3.310887098312378,0.608708381652832,0.8989119529724121,3.2757062911987305,0.25930309295654297,0.27307701110839844
121,81.29807692307692,78.46153846153847,70.15384615384616,86.85977564102564,80.43189102564102,71.42628205128206,3.1276559829711914,0.6074788570404053,0.8044960498809814,3.248892068862915,0.2538008689880371,0.27651429176330566
122,81.03846153846153,77.47115384615385,72.7548076923077,86.89022435897435,79.31810897435896,73.73317307692308,3.105137825012207,0.6301958560943604,0.77768874168396,3.3983254432678223,0.26160740852355957,0.26987528800964355
123,81.3701923076923,77.32692307692308,74.17307692307692,87.24038461538461,79.11458333333333,75.79086538461539,3.5284969806671143,0.6056537628173828,0.7659833431243896,3.23872447013855,0.2575569152832031,0.2647216320037842
124,80.98557692307692,77.53365384615385,74.8173076923077,86.76522435897436,79.3613782051282,76.41185897435896,3.185706615447998,0.6224217414855957,0.7487187385559082,3.264188051223755,0.2572932243347168,0.26900529861450195
125,80.71634615384615,77.8173076923077,75.86538461538461,86.52884615384615,79.9326923076923,77.48317307692307,3.1137044429779053,0.6174721717834473,0.7425205707550049,3.4310569763183594,0.2538468837738037,0.2689478397369385
126,81.09615384615385,77.76442307692307,76.67307692307692,87.00560897435898,79.80929487179486,78.11778846153847,3.1152291297912598,0.6175186634063721,0.7314350605010986,3.2980880737304688,0.25885629653930664,0.264772891998291
127,81.0576923076923,77.90384615384616,77.10576923076923,87.24759615384615,79.74038461538461,78.68429487179486,3.124478578567505,0.6067142486572266,0.7320849895477295,3.297747850418091,0.2684347629547119,0.2622518539428711
128,81.49038461538461,77.4375,77.71634615384615,87.34535256410257,79.21554487179488,79.11698717948717,3.140364170074463,0.6081264019012451,0.7248473167419434,3.6661977767944336,0.2633507251739502,0.27249598503112793
129,81.16826923076923,77.61057692307692,77.27403846153847,87.1650641025641,79.45673076923076,78.35897435897435,3.1992814540863037,0.6111114025115967,0.729600191116333,3.280700206756592,0.26073670387268066,0.2661118507385254
130,81.44711538461539,78.33653846153847,77.875,87.17788461538461,80.34294871794872,78.92307692307692,3.1029012203216553,0.6061985492706299,0.7256009578704834,3.3837008476257324,0.25782322883605957,0.2583005428314209
131,80.48557692307692,78.28846153846155,79.1826923076923,86.35496794871796,80.37660256410255,80.21875,3.2392289638519287,0.6134607791900635,0.7178521156311035,3.3061540126800537,0.2660982608795166,0.2639627456665039
132,81.03365384615384,77.36538461538461,78.6923076923077,87.00320512820512,79.03445512820512,79.9511217948718,3.1138532161712646,0.6166110038757324,0.7148897647857666,3.4134621620178223,0.26593661308288574,0.2599964141845703
133,81.28846153846155,77.16346153846155,78.8701923076923,87.32692307692308,79.23317307692308,80.42467948717949,3.124293804168701,0.6227412223815918,0.7026667594909668,3.4413459300994873,0.25441670417785645,0.25952720642089844
134,81.23557692307692,77.03365384615385,79.27403846153847,87.35897435897436,78.70272435897436,80.64503205128204,3.1047616004943848,0.6157612800598145,0.7016758918762207,3.322550058364868,0.25093770027160645,0.266096830368042
135,80.11057692307692,77.32211538461539,79.33173076923077,86.19150641025641,79.20272435897436,80.81009615384616,3.112569808959961,0.6141960620880127,0.7019565105438232,3.2847554683685303,0.2640054225921631,0.26054930686950684
136,81.72596153846153,77.0048076923077,79.03846153846153,87.97596153846153,79.1963141025641,80.65785256410255,3.1117467880249023,0.6123697757720947,0.6891489028930664,3.2766311168670654,0.25979065895080566,0.2653346061706543
137,81.90865384615384,76.05288461538461,79.35576923076924,88.11538461538461,78.55128205128206,81.04647435897436,3.120802640914917,0.6119530200958252,0.699690580368042,3.2711758613586426,0.26274657249450684,0.25889134407043457
138,81.49038461538461,77.65865384615384,79.6201923076923,87.71714743589743,79.81330128205128,81.45673076923077,3.1022369861602783,0.6103408336639404,0.6913650035858154,3.2617084980010986,0.2580890655517578,0.26072072982788086
139,81.10096153846153,77.09615384615385,80.04807692307693,87.26602564102565,79.25801282051282,81.5176282051282,3.1234569549560547,0.6034462451934814,0.704411506652832,3.303574323654175,0.2694580554962158,0.26330018043518066
140,82.17307692307692,78.2548076923077,79.80288461538461,88.2588141025641,79.94551282051282,81.43669871794872,3.0957446098327637,0.6139893531799316,0.6905992031097412,3.334670066833496,0.2558779716491699,0.2639884948730469
141,81.2548076923077,77.42307692307693,79.9951923076923,87.41907051282053,79.17628205128206,81.52083333333333,3.1047725677490234,0.6067440509796143,0.6880993843078613,3.3509521484375,0.26212239265441895,0.2620120048522949
142,81.13942307692308,77.6201923076923,80.4326923076923,87.2411858974359,79.71554487179488,81.86458333333333,3.1015114784240723,0.627819299697876,0.684849739074707,3.275575876235962,0.2519233226776123,0.27443718910217285
143,81.46153846153847,77.36538461538461,80.14423076923077,87.62419871794872,79.23798076923076,81.53766025641026,3.1126174926757812,0.6010613441467285,0.6844050884246826,3.2572174072265625,0.2598907947540283,0.2680959701538086
144,82.0,77.7451923076923,80.23557692307692,88.02163461538461,79.80288461538461,82.15544871794872,3.109204053878784,0.604149341583252,0.6966192722320557,3.312701940536499,0.2553694248199463,0.25919485092163086
145,81.5625,78.67788461538461,80.375,88.12259615384616,80.39102564102564,82.00320512820512,3.1209139823913574,0.6169846057891846,0.6938984394073486,3.320082664489746,0.2556004524230957,0.2613551616668701
146,81.91346153846155,77.75,80.24038461538461,88.3613782051282,79.47275641025641,81.91826923076924,3.086786985397339,0.6051774024963379,0.6888806819915771,3.381072521209717,0.25892210006713867,0.26686644554138184
147,81.72596153846153,77.55288461538463,80.83173076923077,87.94070512820514,79.4423076923077,82.47115384615384,3.1203174591064453,0.607210636138916,0.688521146774292,3.288036823272705,0.2525029182434082,0.27201056480407715
148,81.73557692307692,77.42307692307693,80.5576923076923,88.03685897435898,78.89102564102564,82.11458333333333,3.1022653579711914,0.609346866607666,0.6866695880889893,3.375731945037842,0.261829137802124,0.26116275787353516
149,81.99038461538461,77.17307692307692,80.76442307692308,88.22676282051282,78.7900641025641,82.25641025641026,3.1072561740875244,0.6117250919342041,0.6841042041778564,3.333974838256836,0.27041101455688477,0.2554152011871338
150,82.0576923076923,77.07692307692308,80.52403846153847,88.43910256410257,79.03365384615385,82.16586538461539,3.101874589920044,0.6096374988555908,0.684807538986206,3.40809965133667,0.25857043266296387,0.264385461807251
151,80.3173076923077,77.28846153846153,80.64423076923077,86.3798076923077,78.92147435897436,82.48477564102565,3.117764472961426,0.6115715503692627,0.6809511184692383,3.2766242027282715,0.26061201095581055,0.25913000106811523
152,82.27884615384615,79.13942307692308,80.49038461538461,88.34054487179486,80.87580128205128,82.34935897435898,3.115588665008545,0.5993762016296387,0.6757111549377441,3.373896837234497,0.2656736373901367,0.2650113105773926
153,81.83173076923077,78.48076923076923,80.83653846153847,88.10336538461539,80.20432692307692,82.44791666666667,3.105717897415161,0.6072077751159668,0.676337718963623,3.4327588081359863,0.25629472732543945,0.2580716609954834
154,82.73076923076923,78.48557692307693,80.6201923076923,88.90464743589743,80.12339743589743,82.56490384615385,3.089951515197754,0.6074755191802979,0.6763951778411865,3.3620970249176025,0.26282429695129395,0.26348376274108887
155,81.33653846153847,78.96153846153847,80.33653846153847,87.5136217948718,80.54807692307693,81.98076923076924,3.0905983448028564,0.6082723140716553,0.6805968284606934,3.2537827491760254,0.25524210929870605,0.27765727043151855
156,82.04807692307692,77.73557692307692,81.05288461538461,88.38060897435898,79.80608974358975,82.74358974358974,3.0811941623687744,0.6086740493774414,0.6965575218200684,3.27639102935791,0.25934457778930664,0.26668286323547363
157,82.07211538461539,77.04807692307692,81.25,88.09455128205128,78.88221153846153,83.0448717948718,3.117473840713501,0.6032376289367676,0.6952009201049805,3.4325644969940186,0.26255011558532715,0.27465343475341797
158,81.6201923076923,77.85096153846153,80.84134615384615,87.57211538461539,79.82532051282051,82.71153846153845,3.0994887351989746,0.6056613922119141,0.6882102489471436,3.3234190940856934,0.2620980739593506,0.2554337978363037
159,81.51442307692308,77.53846153846153,80.52403846153847,87.75,79.69150641025641,82.62900641025641,3.097149133682251,0.605205774307251,0.6735250949859619,3.424529552459717,0.2709188461303711,0.25748658180236816
160,81.4375,78.14423076923077,81.32211538461539,87.50160256410257,79.66266025641026,82.91586538461539,3.0965046882629395,0.6071994304656982,0.6730992794036865,3.30216383934021,0.26752734184265137,0.261199951171875
161,81.6201923076923,77.1875,80.61057692307692,87.42467948717949,79.27964743589743,82.6514423076923,3.0958480834960938,0.6139013767242432,0.6688432693481445,3.382030725479126,0.25527477264404297,0.2631809711456299
162,81.22596153846153,77.42788461538461,80.82692307692308,87.34615384615385,79.38942307692308,82.90544871794872,3.108997344970703,0.6023969650268555,0.671123743057251,3.289914608001709,0.26198911666870117,0.2628669738769531
163,81.58653846153847,78.0625,81.73076923076923,87.60016025641025,79.77884615384615,83.44711538461539,3.097696304321289,0.6008796691894531,0.6662111282348633,3.3568480014801025,0.25336766242980957,0.262545108795166
164,81.14423076923077,76.75,81.21153846153845,87.18349358974359,79.00560897435898,82.98477564102565,3.0950937271118164,0.604255199432373,0.6718120574951172,3.2424557209014893,0.26465797424316406,0.2563943862915039
165,81.8076923076923,78.27403846153847,81.13942307692308,88.31810897435898,80.28525641025641,82.97115384615384,3.100003957748413,0.6075975894927979,0.6890337467193604,3.386394500732422,0.2806248664855957,0.2607581615447998
166,81.20673076923077,78.13942307692308,80.58173076923076,87.11217948717949,80.09935897435896,82.5176282051282,3.0933308601379395,0.6048405170440674,0.6798732280731201,3.3641295433044434,0.27272939682006836,0.2572441101074219
167,82.19711538461539,77.34615384615384,81.25,88.51923076923077,78.94871794871796,83.2860576923077,3.096141815185547,0.608353853225708,0.6726632118225098,3.244342565536499,0.2547881603240967,0.2565481662750244
168,82.33653846153847,77.64423076923077,81.20673076923077,88.45032051282051,79.44791666666666,83.1786858974359,3.0904040336608887,0.6130890846252441,0.6752476692199707,3.266233444213867,0.2644846439361572,0.25565242767333984
169,81.7548076923077,77.46634615384616,81.26923076923077,88.00240384615384,79.24919871794872,83.47435897435898,3.0988552570343018,0.6039474010467529,0.6736862659454346,3.243645191192627,0.2574315071105957,0.261549711227417
170,81.5673076923077,77.02403846153845,80.48076923076923,87.75560897435898,79.1073717948718,82.75400641025641,3.0996453762054443,0.5982954502105713,0.6700291633605957,3.354127883911133,0.2630445957183838,0.25775599479675293
171,82.13942307692308,78.33173076923077,81.30288461538461,88.47035256410255,80.04086538461539,83.27564102564102,3.0889925956726074,0.6125855445861816,0.6740689277648926,3.2574589252471924,0.2704343795776367,0.25931835174560547
172,82.08653846153847,77.8173076923077,81.03365384615384,88.27403846153847,79.30448717948718,83.22916666666667,3.0954201221466064,0.6213343143463135,0.677788257598877,3.393557548522949,0.26042866706848145,0.25629258155822754
173,81.53846153846153,78.53365384615385,80.77403846153847,87.9238782051282,80.48878205128204,82.93910256410257,3.0962700843811035,0.607445240020752,0.6678879261016846,3.2886669635772705,0.2644333839416504,0.2625465393066406
174,81.33173076923077,77.57211538461539,81.4326923076923,87.54166666666666,79.61458333333333,83.4150641025641,3.098705291748047,0.6068496704101562,0.6702485084533691,3.399749517440796,0.2651190757751465,0.25998377799987793
175,81.97115384615384,76.98076923076923,81.11538461538461,88.05528846153847,78.9511217948718,82.89583333333333,3.0858538150787354,0.6213009357452393,0.6665151119232178,3.4077694416046143,0.2680635452270508,0.2612478733062744
176,81.66346153846153,78.66826923076923,81.42788461538461,87.97435897435898,80.60977564102564,83.6338141025641,3.0901031494140625,0.611417293548584,0.6684911251068115,3.3826372623443604,0.2562744617462158,0.2653543949127197
177,81.9326923076923,77.70673076923077,81.50961538461539,88.21554487179488,79.66025641025641,83.3349358974359,3.0863633155822754,0.6029908657073975,0.6782975196838379,3.308837652206421,0.26351237297058105,0.26007699966430664
178,81.95192307692307,77.46634615384616,81.125,88.37339743589745,79.61939102564102,83.45913461538461,3.0986948013305664,0.6048340797424316,0.6797881126403809,3.307871103286743,0.2580397129058838,0.26691555976867676
179,81.98557692307692,76.6875,81.38461538461539,88.48958333333333,78.6875,83.32051282051282,3.1164166927337646,0.5999078750610352,0.669330358505249,3.4225738048553467,0.2571544647216797,0.2579307556152344
180,81.97115384615384,77.23557692307692,81.40865384615384,88.28926282051283,79.20192307692308,83.42067307692308,3.10129976272583,0.6136677265167236,0.6695570945739746,3.3572373390197754,0.282198429107666,0.26439380645751953
181,81.11057692307693,77.6201923076923,82.03846153846153,87.46875,79.58173076923077,83.99198717948718,3.0972557067871094,0.6158385276794434,0.6658961772918701,3.3085074424743652,0.25579023361206055,0.2616403102874756
182,82.58653846153847,78.46153846153847,81.1201923076923,89.09294871794872,80.29326923076923,83.2411858974359,3.105415105819702,0.6144216060638428,0.6686127185821533,3.3903849124908447,0.25578761100769043,0.2622182369232178
183,82.625,77.8798076923077,81.02884615384616,88.93509615384615,79.73798076923076,83.22916666666667,3.0901803970336914,0.6007406711578369,0.6632003784179688,3.4403183460235596,0.2721545696258545,0.26439881324768066
184,82.55288461538461,76.6826923076923,81.38461538461539,88.90304487179486,78.59375,83.40384615384615,3.0963075160980225,0.6049172878265381,0.6665174961090088,3.452333450317383,0.25931549072265625,0.2698972225189209
185,82.6201923076923,77.21153846153847,81.29326923076923,88.8389423076923,79.10657051282051,83.32291666666667,3.090512275695801,0.6067109107971191,0.6655826568603516,3.3321282863616943,0.2586228847503662,0.26141905784606934
186,82.11538461538461,77.73076923076923,81.5048076923077,88.28285256410257,79.39823717948717,83.44791666666667,3.0895442962646484,0.6057190895080566,0.6798460483551025,3.330909013748169,0.25836896896362305,0.26253628730773926
187,81.98557692307692,77.21153846153847,81.02403846153847,88.22916666666667,79.4551282051282,82.9014423076923,3.0894079208374023,0.60906982421875,0.681645393371582,3.295698642730713,0.2614283561706543,0.26621150970458984
188,82.78846153846153,78.84615384615384,81.32211538461539,88.99358974358974,80.88301282051282,83.12339743589745,3.0788161754608154,0.6029567718505859,0.6711065769195557,3.2872724533081055,0.255673885345459,0.26632261276245117
189,82.51442307692308,78.04807692307692,81.45673076923077,89.01041666666667,80.11939102564102,83.4775641025641,3.069864511489868,0.6029894351959229,0.6761372089385986,3.2947659492492676,0.258760929107666,0.264209508895874
190,82.16346153846153,78.65384615384615,81.32211538461539,88.52724358974359,80.50080128205128,83.18189102564104,3.092890501022339,0.598602294921875,0.6782345771789551,3.312204599380493,0.2520132064819336,0.26624321937561035
191,82.61057692307693,77.74038461538461,81.79326923076923,89.0264423076923,79.6161858974359,83.95192307692308,3.077852249145508,0.6143145561218262,0.6676192283630371,3.316333532333374,0.25548624992370605,0.268862247467041
192,82.30288461538461,77.1826923076923,81.72596153846153,88.63942307692308,79.35176282051282,83.75,3.097285032272339,0.6034505367279053,0.6766588687896729,3.4228413105010986,0.25941920280456543,0.2683384418487549
193,81.95673076923077,77.85096153846153,82.0,88.09375,79.84935897435898,83.92948717948718,3.095792055130005,0.6096243858337402,0.6671698093414307,3.4398770332336426,0.2557566165924072,0.26520514488220215
194,82.23076923076923,78.1875,81.89423076923077,88.45592948717949,79.72676282051282,83.80288461538463,3.091095209121704,0.6132218837738037,0.6715092658996582,3.2914187908172607,0.2577972412109375,0.27290916442871094
195,81.64423076923077,76.96153846153845,80.96634615384616,88.15625,78.46474358974359,83.0713141025641,3.088406801223755,0.607274055480957,0.6726212501525879,3.377962112426758,0.2588789463043213,0.26734209060668945
196,82.29326923076923,78.19711538461539,81.9423076923077,88.48076923076923,80.2011217948718,83.68349358974359,3.0793142318725586,0.6045718193054199,0.6726040840148926,3.2813332080841064,0.2599186897277832,0.2623560428619385
197,82.08173076923076,78.21153846153847,81.61057692307693,88.32852564102565,80.07532051282051,83.78125,3.0908353328704834,0.6093263626098633,0.6632039546966553,3.3107635974884033,0.26596784591674805,0.26910400390625
198,82.89903846153847,77.76442307692307,81.40865384615384,89.24439102564102,79.73557692307692,83.15625,3.085702657699585,0.6162545680999756,0.6632974147796631,3.4440064430236816,0.2548184394836426,0.2738220691680908
199,82.60576923076923,77.85576923076924,81.72115384615385,88.97836538461539,79.70673076923077,83.6786858974359,3.0857298374176025,0.6012537479400635,0.6730716228485107,3.2716431617736816,0.2520639896392822,0.26143860816955566
200,82.10576923076923,78.42788461538461,81.42788461538461,88.66826923076923,80.39583333333333,83.3173076923077,3.086437702178955,0.5992441177368164,0.6682281494140625,3.383091688156128,0.25644683837890625,0.25854945182800293
201,81.54807692307692,78.6875,81.4423076923077,88.27964743589743,80.34775641025641,83.64022435897436,3.0892553329467773,0.6233565807342529,0.6604204177856445,3.259226083755493,0.2792224884033203,0.26177430152893066
202,82.3798076923077,77.64903846153847,81.41826923076924,89.25641025641026,79.54407051282051,83.68189102564104,3.0846760272979736,0.6047201156616211,0.6683335304260254,3.413149833679199,0.2614011764526367,0.2576920986175537
203,82.10096153846153,77.66346153846155,81.90865384615384,88.9863782051282,79.56169871794872,83.71233974358975,3.081580877304077,0.612095832824707,0.6625409126281738,3.364506721496582,0.26886749267578125,0.25624895095825195
204,81.96634615384616,78.36057692307692,81.9375,88.60817307692308,80.40865384615384,83.8349358974359,3.0751969814300537,0.6044275760650635,0.6560170650482178,3.346745014190674,0.26177263259887695,0.25925469398498535
205,81.66826923076923,77.88942307692308,81.16346153846153,88.23076923076924,80.29967948717949,83.1201923076923,3.0911521911621094,0.6034750938415527,0.6608760356903076,3.3638525009155273,0.25832295417785645,0.2593348026275635
206,82.63942307692308,76.20192307692307,80.82211538461539,89.07451923076923,78.2363782051282,83.10817307692308,3.0776596069335938,0.6003851890563965,0.6652934551239014,3.5038840770721436,0.26558732986450195,0.2631039619445801
207,81.79326923076923,77.53846153846153,81.72596153846153,87.91907051282051,79.3886217948718,83.76121794871794,3.202361583709717,0.5997509956359863,0.6714577674865723,3.2646825313568115,0.2536776065826416,0.2546989917755127
208,82.02403846153847,77.23557692307692,81.1298076923077,88.2275641025641,79.2948717948718,83.40865384615384,3.1597440242767334,0.606877326965332,0.6601040363311768,3.432365655899048,0.253772497177124,0.25978779792785645
209,81.84615384615384,77.63461538461539,80.97596153846153,88.60576923076923,79.68830128205127,83.39903846153847,3.0803871154785156,0.6076107025146484,0.6720693111419678,3.293227195739746,0.26039934158325195,0.2588539123535156
210,82.5625,78.1298076923077,81.78846153846155,89.14983974358974,80.1386217948718,83.91826923076923,3.0813674926757812,0.6100199222564697,0.6658453941345215,3.320849895477295,0.26615405082702637,0.2779257297515869
211,82.3125,77.07692307692308,81.64903846153845,88.76682692307692,79.68509615384616,83.5576923076923,3.0859973430633545,0.6282565593719482,0.664384126663208,3.391806125640869,0.2541983127593994,0.2675900459289551
212,82.49038461538461,78.0,81.50961538461539,88.73958333333334,79.64102564102564,83.71554487179486,3.0877797603607178,0.603520393371582,0.6705930233001709,3.4141550064086914,0.2629396915435791,0.2634119987487793
213,82.0673076923077,77.61538461538461,82.01442307692308,88.47275641025641,79.88541666666666,83.96955128205128,3.0923075675964355,0.6003537178039551,0.66768479347229,3.298905849456787,0.25665903091430664,0.2641167640686035
214,81.59134615384616,77.48076923076923,81.89423076923077,87.93990384615384,79.31971153846153,83.8485576923077,3.0893125534057617,0.6132612228393555,0.6636338233947754,3.431943893432617,0.25504040718078613,0.2642636299133301
215,81.99038461538461,78.61057692307692,81.45192307692307,88.46875,80.56410256410257,83.56009615384615,3.08708119392395,0.595496416091919,0.663844108581543,3.372378349304199,0.2542109489440918,0.2602813243865967
216,82.50961538461539,77.8173076923077,81.59134615384616,88.95432692307692,79.9423076923077,83.60096153846153,3.091958522796631,0.596975564956665,0.6678972244262695,3.452195882797241,0.26576685905456543,0.26556897163391113
217,81.98557692307692,76.96153846153845,81.5673076923077,88.54567307692308,79.07852564102565,83.58653846153847,3.0904605388641357,0.613903284072876,0.6619687080383301,3.5172736644744873,0.252307653427124,0.2720656394958496
218,81.91826923076924,77.29326923076924,81.83173076923077,88.46634615384616,79.1514423076923,83.84294871794872,3.241558313369751,0.6021616458892822,0.669086217880249,3.6579782962799072,0.2512214183807373,0.2573215961456299
219,82.00961538461539,78.07692307692308,82.07211538461539,88.58974358974359,79.93910256410255,84.13221153846155,3.124314546585083,0.6067168712615967,0.6661276817321777,3.6946702003479004,0.2595362663269043,0.2592804431915283
220,80.8798076923077,78.35096153846153,82.01442307692308,87.3213141025641,80.40865384615384,84.2548076923077,3.093306303024292,0.6102252006530762,0.6655869483947754,3.414578676223755,0.2570829391479492,0.2631244659423828
221,81.88942307692308,77.26442307692307,81.45192307692307,88.63782051282051,79.33092948717949,83.40945512820512,3.304126024246216,0.6273787021636963,0.6637589931488037,3.2736682891845703,0.25882530212402344,0.25922513008117676
222,82.53365384615384,78.00961538461539,81.52403846153847,88.9463141025641,79.92227564102564,83.52804487179488,3.225027322769165,0.6139373779296875,0.6575438976287842,3.451565742492676,0.25568079948425293,0.2625696659088135
223,82.03846153846153,77.27884615384616,81.45192307692307,89.0224358974359,79.33814102564102,83.6338141025641,3.0829622745513916,0.611901044845581,0.6621546745300293,3.431218385696411,0.251345157623291,0.262007474899292
224,83.38942307692308,78.02403846153845,81.49038461538461,90.14423076923077,80.24358974358974,83.43509615384616,3.089066505432129,0.6127181053161621,0.667492151260376,3.2969655990600586,0.25615930557250977,0.2562692165374756
225,82.47596153846153,78.46153846153847,81.76923076923077,89.40705128205128,80.04166666666667,83.89983974358974,3.067807674407959,0.6035263538360596,0.6596384048461914,3.428171396255493,0.25728917121887207,0.2612795829772949
226,82.875,77.3076923076923,81.91346153846155,89.23878205128204,79.71073717948718,83.78205128205128,3.0710606575012207,0.6051740646362305,0.656275749206543,3.444000720977783,0.2560443878173828,0.25832295417785645
227,82.10576923076923,77.72596153846155,81.61057692307693,88.62740384615385,79.73397435897436,83.75080128205128,3.078913450241089,0.6023705005645752,0.6617734432220459,3.3265912532806396,0.262775182723999,0.26278185844421387
228,81.1826923076923,76.86538461538461,82.35096153846155,87.90304487179486,78.77564102564104,84.29246794871796,3.0921878814697266,0.6135556697845459,0.6595325469970703,3.300015926361084,0.2547757625579834,0.25603199005126953
229,81.2548076923077,77.57692307692308,82.32211538461539,87.22916666666667,79.63141025641025,83.94391025641026,3.0734732151031494,0.6329851150512695,0.6619367599487305,3.510767936706543,0.27178239822387695,0.25727319717407227
230,82.22115384615385,76.7548076923077,82.20673076923077,88.86298076923077,78.95272435897436,83.91826923076923,3.096745014190674,0.6151106357574463,0.6612977981567383,3.507005214691162,0.2703969478607178,0.26772093772888184
231,81.89423076923077,77.83653846153847,82.16346153846153,88.54407051282051,79.9238782051282,84.14583333333333,3.068568468093872,0.6361098289489746,0.66070556640625,3.3597898483276367,0.25780725479125977,0.25717830657958984
232,82.4326923076923,78.6298076923077,82.3701923076923,89.04086538461539,80.38461538461539,84.2764423076923,3.0797176361083984,0.6041007041931152,0.6591057777404785,3.302431106567383,0.2553386688232422,0.26074743270874023
233,81.65865384615385,77.14903846153847,82.47115384615384,88.23717948717949,79.1610576923077,84.26121794871794,3.0744285583496094,0.6022989749908447,0.6566131114959717,3.302968978881836,0.2687075138092041,0.2583038806915283
234,82.13461538461539,78.46153846153847,81.65384615384616,88.59375,80.2636217948718,83.78044871794872,3.0771336555480957,0.6009974479675293,0.6591963768005371,3.3131091594696045,0.2655208110809326,0.2577395439147949
235,81.77403846153845,77.57211538461539,82.3076923076923,88.61057692307692,79.39983974358974,84.44471153846153,3.0700910091400146,0.6155765056610107,0.6631577014923096,3.320250988006592,0.2566344738006592,0.26043248176574707
236,81.60096153846153,77.39423076923076,81.64423076923077,88.20592948717949,79.5576923076923,84.00801282051282,3.067936897277832,0.6135392189025879,0.6593995094299316,3.2587203979492188,0.26026272773742676,0.26624512672424316
237,82.32692307692308,78.11538461538461,82.07692307692308,88.79807692307692,79.95432692307692,84.03685897435898,3.07532000541687,0.598771333694458,0.6724026203155518,3.325740098953247,0.25507378578186035,0.2666471004486084
238,82.3701923076923,78.5048076923077,82.07211538461539,88.8213141025641,80.31490384615385,84.34455128205128,3.0785751342773438,0.6048781871795654,0.6603822708129883,3.297574281692505,0.26279211044311523,0.25870203971862793
239,81.89423076923077,77.71634615384615,81.6875,88.23557692307692,79.51682692307692,84.01682692307692,3.0786092281341553,0.6009058952331543,0.6687145233154297,3.2593138217926025,0.26287841796875,0.26856493949890137
240,82.94711538461539,77.5048076923077,82.01442307692308,89.74198717948718,79.57211538461539,84.11939102564102,3.073826551437378,0.6015598773956299,0.6691083908081055,3.3700153827667236,0.25469517707824707,0.27008676528930664
241,81.82692307692308,77.71153846153847,82.0673076923077,88.84935897435898,79.65544871794872,84.13060897435898,3.085090160369873,0.604158878326416,0.6614420413970947,3.3543405532836914,0.2593386173248291,0.2684204578399658
242,81.54326923076923,78.34134615384616,81.70192307692308,88.32051282051282,80.09455128205128,83.83253205128204,3.065831184387207,0.6103496551513672,0.6624863147735596,3.3985211849212646,0.25286245346069336,0.2621464729309082
243,82.64423076923076,77.8173076923077,82.16346153846153,89.65464743589745,79.5849358974359,83.96073717948718,3.079456329345703,0.6011860370635986,0.6615474224090576,3.302821636199951,0.2592124938964844,0.2744297981262207
244,82.125,77.85096153846153,81.35096153846155,88.81891025641025,79.87419871794872,83.64903846153847,3.077366828918457,0.6013469696044922,0.6640172004699707,3.3994131088256836,0.26630353927612305,0.260357141494751
245,82.24038461538463,78.77403846153847,81.97596153846153,89.02564102564102,80.6650641025641,84.23798076923077,3.0722055435180664,0.6149544715881348,0.6669876575469971,3.240244150161743,0.26128125190734863,0.26508617401123047
246,81.27403846153847,77.42788461538461,81.98557692307692,87.875,79.19150641025641,84.2988782051282,3.086841583251953,0.624220609664917,0.6544654369354248,3.3062005043029785,0.255922794342041,0.27600550651550293
247,82.57692307692308,78.01923076923077,82.26442307692308,89.48878205128206,79.62580128205128,84.3926282051282,3.060457229614258,0.6019670963287354,0.6619689464569092,3.2940833568573,0.2695004940032959,0.26302266120910645
248,81.5625,78.75,81.74038461538461,88.42147435897436,80.73717948717949,83.92307692307692,3.0755693912506104,0.6079511642456055,0.6632003784179688,3.2924365997314453,0.2561492919921875,0.2705404758453369
249,82.60096153846153,77.875,82.19711538461539,89.47035256410257,79.6923076923077,84.2676282051282,3.0709919929504395,0.6072297096252441,0.6536386013031006,3.290590286254883,0.25507688522338867,0.2668113708496094
250,82.28846153846155,78.14903846153847,81.82211538461537,89.30608974358975,79.8573717948718,84.21714743589743,3.077806234359741,0.6095194816589355,0.6664829254150391,3.273048162460327,0.2673337459564209,0.2579929828643799
251,82.10576923076923,77.8701923076923,81.32692307692308,88.8076923076923,79.72275641025641,83.4599358974359,3.0775253772735596,0.6020841598510742,0.6683251857757568,3.4142794609069824,0.2609982490539551,0.2678101062774658
252,81.73076923076923,78.2451923076923,81.95673076923077,88.98477564102564,79.82211538461539,84.0761217948718,3.0703039169311523,0.6038868427276611,0.6576442718505859,3.367450475692749,0.26143598556518555,0.260451078414917
253,81.89903846153847,77.97596153846153,82.02403846153847,88.69310897435896,80.0048076923077,84.25721153846155,3.0882816314697266,0.604407548904419,0.6948232650756836,3.2973885536193848,0.26770591735839844,0.25998926162719727
254,81.78846153846155,77.97115384615385,81.58173076923076,88.41907051282051,79.76442307692308,84.34935897435898,3.0640130043029785,0.6088156700134277,0.655616044998169,3.3138911724090576,0.2606503963470459,0.2598392963409424
255,81.90865384615384,78.23076923076923,81.76442307692308,88.85657051282051,80.02163461538461,83.9375,3.069368839263916,0.6064367294311523,0.6560003757476807,3.432727336883545,0.26175832748413086,0.26762866973876953
256,83.02403846153847,77.3701923076923,81.58653846153847,89.85336538461539,79.08092948717949,84.09054487179488,3.06600022315979,0.6062703132629395,0.6529240608215332,3.365368604660034,0.25662970542907715,0.26108717918395996
257,81.9326923076923,78.125,80.95192307692308,89.11939102564102,80.0713141025641,83.38782051282051,3.065030336380005,0.6024751663208008,0.663966178894043,3.3725883960723877,0.25919151306152344,0.2687687873840332
258,82.02884615384616,78.14903846153847,81.86057692307692,88.94150641025641,79.94391025641025,84.07692307692308,3.068895101547241,0.6060395240783691,0.6673221588134766,3.4296510219573975,0.2632417678833008,0.25992393493652344
259,82.49038461538461,76.9423076923077,81.6201923076923,89.70673076923077,79.0985576923077,83.92467948717949,3.0636420249938965,0.6018669605255127,0.6551244258880615,3.3780429363250732,0.2704148292541504,0.2577362060546875
260,82.4375,77.10576923076923,81.35096153846155,89.13701923076923,79.19711538461539,83.73076923076923,3.071695566177368,0.6082234382629395,0.6648201942443848,3.4294939041137695,0.258533239364624,0.2606627941131592
261,82.26442307692308,78.07211538461539,81.66826923076923,89.14342948717947,79.9375,84.08173076923077,3.0634093284606934,0.601168155670166,0.6675701141357422,3.419422149658203,0.2598836421966553,0.2652862071990967
262,82.23076923076923,78.50961538461539,81.86057692307692,89.33653846153847,79.8798076923077,84.43108974358975,3.0667338371276855,0.6013095378875732,0.6595535278320312,3.277186393737793,0.26671814918518066,0.25827646255493164
263,81.29326923076923,77.54807692307692,82.125,87.9599358974359,79.53125,84.45833333333333,3.0659685134887695,0.6045069694519043,0.6620464324951172,3.3951094150543213,0.2595558166503906,0.2714271545410156
264,81.61057692307693,77.2548076923077,81.42788461538461,88.18028846153845,78.90064102564102,84.03685897435898,3.071021556854248,0.5992040634155273,0.6570587158203125,3.39284348487854,0.25843286514282227,0.27837276458740234
265,81.84615384615384,77.01442307692308,82.125,88.51602564102564,78.7363782051282,84.3838141025641,3.067420482635498,0.598921537399292,0.6735858917236328,3.3017184734344482,0.26111698150634766,0.25748395919799805
266,82.21634615384616,79.26442307692308,82.3798076923077,89.31410256410255,80.67788461538463,84.58573717948717,3.079455852508545,0.6131546497344971,0.6637022495269775,3.4293460845947266,0.2613382339477539,0.26642847061157227
267,82.0,78.20673076923077,81.92307692307692,88.6338141025641,79.88141025641026,84.33173076923077,3.075772762298584,0.6105320453643799,0.650841474533081,3.3085172176361084,0.2574331760406494,0.2653360366821289
268,82.3798076923077,77.91346153846153,81.9375,89.09935897435898,79.86538461538461,84.31410256410257,3.0598368644714355,0.6116392612457275,0.6579265594482422,3.4299848079681396,0.2558176517486572,0.2552356719970703
269,83.14423076923076,77.10576923076923,81.99038461538461,89.94070512820512,79.14823717948718,84.32692307692308,3.062654733657837,0.6041767597198486,0.6671087741851807,3.4378201961517334,0.261669397354126,0.25551342964172363
270,82.3125,77.57211538461539,82.03846153846153,89.43669871794872,79.81891025641026,84.37820512820512,3.074150323867798,0.6003117561340332,0.668755054473877,3.447598695755005,0.26511311531066895,0.26114583015441895
271,82.16346153846153,77.1298076923077,81.6826923076923,89.1338141025641,79.31971153846153,83.8886217948718,3.0781118869781494,0.6029272079467773,0.6643490791320801,3.2607386112213135,0.2615344524383545,0.268369197845459
272,81.9423076923077,78.00961538461539,82.11538461538461,88.89903846153845,79.56891025641025,84.19711538461539,3.0683305263519287,0.6022446155548096,0.6605637073516846,3.2590389251708984,0.26967287063598633,0.2663710117340088
273,82.30288461538461,77.59134615384615,82.20192307692308,89.18108974358975,79.25400641025641,84.22435897435896,3.081535816192627,0.6081240177154541,0.6547164916992188,3.307757616043091,0.26607728004455566,0.26358556747436523
274,82.86538461538461,78.0625,82.24038461538463,89.61698717948718,79.77884615384615,84.3485576923077,3.079016923904419,0.5934512615203857,0.658775806427002,3.4604759216308594,0.26056647300720215,0.25833940505981445
275,82.58653846153847,78.54326923076923,81.9423076923077,89.74919871794872,80.10096153846153,84.15785256410257,3.0776572227478027,0.5989623069763184,0.6591637134552002,3.426809549331665,0.2593245506286621,0.2697322368621826
276,81.7451923076923,77.36057692307692,81.74038461538461,88.70192307692307,79.10817307692307,84.22115384615385,3.0680391788482666,0.6006898880004883,0.6606347560882568,3.4441075325012207,0.26468563079833984,0.2747068405151367
277,81.78365384615385,78.02403846153845,82.0625,88.56169871794873,80.00801282051282,84.45673076923077,3.0956313610076904,0.6145687103271484,0.6646485328674316,3.35913348197937,0.25578999519348145,0.2568356990814209
278,83.20673076923077,77.92788461538461,82.16826923076923,90.08573717948718,79.20753205128204,84.30448717948718,3.0779285430908203,0.6149692535400391,0.6632630825042725,3.3101131916046143,0.2624630928039551,0.26389384269714355
279,82.16346153846153,77.79326923076924,82.23557692307692,89.21233974358974,79.44150641025641,84.31490384615384,3.0421109199523926,0.62685227394104,0.6581292152404785,3.430405616760254,0.2593872547149658,0.26302599906921387
280,82.59134615384616,77.35576923076923,81.91346153846155,89.2636217948718,78.89102564102564,84.45192307692308,3.0620250701904297,0.6006145477294922,0.6634559631347656,3.2991182804107666,0.2626011371612549,0.26447176933288574
281,82.58653846153847,77.47596153846153,81.53365384615384,89.72596153846155,78.7323717948718,83.98157051282051,3.0541229248046875,0.6154468059539795,0.6727232933044434,3.269580125808716,0.25778746604919434,0.26479291915893555
282,82.15865384615385,78.51923076923077,81.92307692307692,89.30608974358975,80.45673076923077,84.44391025641026,3.0597357749938965,0.6052463054656982,0.6863617897033691,3.431781053543091,0.27402210235595703,0.26256346702575684
283,81.46634615384616,78.65865384615385,81.89423076923077,88.46073717948718,80.3798076923077,84.47516025641025,3.0603058338165283,0.6050245761871338,0.6521670818328857,3.381146192550659,0.25507616996765137,0.2603790760040283
284,82.27403846153845,77.96153846153845,81.8701923076923,89.44391025641025,79.68910256410257,84.2588141025641,3.0699169635772705,0.608222484588623,0.6526029109954834,3.2592179775238037,0.252612829208374,0.2647218704223633
285,81.96153846153847,77.125,81.83653846153847,89.28365384615384,79.21554487179488,84.1826923076923,3.069587469100952,0.6245715618133545,0.658327579498291,3.308300733566284,0.2597522735595703,0.261228084564209
286,82.70673076923077,78.1826923076923,81.8798076923077,90.03044871794872,79.6738782051282,84.40544871794872,3.0843639373779297,0.6141269207000732,0.6542551517486572,3.374116897583008,0.2659268379211426,0.28385448455810547
287,82.4326923076923,78.92307692307692,81.88942307692308,90.0400641025641,80.5889423076923,84.05929487179488,3.056128740310669,0.6084768772125244,0.6617779731750488,3.3942112922668457,0.2581634521484375,0.2711973190307617
288,82.13942307692308,78.47115384615385,82.02403846153847,89.35897435897436,80.37259615384616,83.83653846153845,3.0797197818756104,0.605712890625,0.6570899486541748,3.2664599418640137,0.2549567222595215,0.26532983779907227
289,82.72596153846153,78.21634615384615,82.47115384615384,90.10336538461539,79.97676282051283,84.51923076923077,3.0533063411712646,0.5969867706298828,0.6679790019989014,3.4224464893341064,0.2675786018371582,0.2624228000640869
290,82.5625,78.8125,80.91346153846153,89.41746794871794,80.27003205128204,83.2636217948718,3.0717549324035645,0.616487979888916,0.6561813354492188,3.2493138313293457,0.2602052688598633,0.2676820755004883
291,82.13461538461539,78.2548076923077,82.33653846153847,89.02724358974359,80.03525641025641,84.67548076923077,3.0760464668273926,0.6161060333251953,0.6649260520935059,3.3008809089660645,0.25800514221191406,0.27629709243774414
292,82.29807692307692,77.6923076923077,81.9951923076923,89.13221153846153,79.18669871794873,84.44150641025641,3.087754011154175,0.6099796295166016,0.6641547679901123,3.4230594635009766,0.25707149505615234,0.26334047317504883
293,82.34134615384615,78.64903846153845,81.73557692307692,89.26121794871796,80.65544871794872,83.9775641025641,3.0580081939697266,0.6118144989013672,0.6583106517791748,3.2816317081451416,0.26480817794799805,0.25668907165527344
294,82.73076923076923,78.86538461538461,81.97115384615384,89.8974358974359,80.36057692307692,84.13221153846155,3.071763038635254,0.6125366687774658,0.6555428504943848,3.333829164505005,0.26323580741882324,0.2562367916107178
295,81.86057692307692,78.41826923076923,82.04807692307692,89.07451923076923,80.08733974358975,84.3613782051282,3.0789337158203125,0.6014707088470459,0.6590273380279541,3.350754976272583,0.2663698196411133,0.25423240661621094
296,82.52884615384616,78.08653846153845,82.125,89.76282051282053,79.90304487179488,84.44551282051282,3.062443494796753,0.6060929298400879,0.6628427505493164,3.4307479858398438,0.2645137310028076,0.2570796012878418
297,82.60576923076923,78.75,81.77403846153845,89.59695512820512,80.4639423076923,84.12179487179488,3.061490535736084,0.6118857860565186,0.6575243473052979,3.3080689907073975,0.26506638526916504,0.25723838806152344
298,82.79326923076923,78.58653846153845,82.03846153846153,90.16266025641025,80.60416666666667,84.33733974358975,3.0499796867370605,0.6108086109161377,0.6597611904144287,3.3967297077178955,0.2587556838989258,0.26355481147766113
299,82.4423076923077,78.65384615384615,81.96153846153847,89.38141025641025,80.56570512820512,84.23798076923077,3.0665299892425537,0.613375186920166,0.6631040573120117,3.420943021774292,0.25465869903564453,0.2708108425140381
300,82.16826923076923,77.36057692307692,82.01442307692308,89.30608974358975,79.14983974358975,84.13942307692308,3.063164472579956,0.6109733581542969,0.6780107021331787,3.375148296356201,0.27065396308898926,0.2654447555541992
301,81.97596153846153,78.19711538461539,81.60096153846153,89.17227564102565,80.27724358974359,83.92548076923076,3.055129289627075,0.6098449230194092,0.6645307540893555,3.294717311859131,0.25939083099365234,0.2796790599822998
302,82.49038461538461,78.45192307692308,82.45673076923077,89.52564102564102,80.33733974358974,84.5176282051282,3.0489704608917236,0.6059064865112305,0.6858575344085693,3.290361166000366,0.2509639263153076,0.2660179138183594
303,82.46153846153847,77.1826923076923,82.36057692307692,89.62419871794872,79.30048076923077,84.52964743589743,3.050217390060425,0.5995731353759766,0.700101375579834,3.4541029930114746,0.25977015495300293,0.3233528137207031
304,81.66346153846153,78.28846153846155,82.02403846153847,88.57451923076923,79.9014423076923,84.23157051282051,3.056983232498169,0.5957581996917725,0.6900417804718018,3.3051328659057617,0.2528355121612549,0.2599327564239502
305,82.52403846153847,77.91346153846153,82.35096153846155,89.68589743589743,79.52483974358975,84.35576923076923,3.058812379837036,0.6002914905548096,0.6571111679077148,3.4181454181671143,0.25106120109558105,0.25869083404541016
306,82.61538461538461,77.71634615384615,82.13942307692308,89.87419871794872,79.71875,84.23798076923077,3.102630853652954,0.6070802211761475,0.6646065711975098,3.377290964126587,0.2643139362335205,0.2566089630126953
307,82.01442307692308,78.16346153846155,81.88942307692308,89.01201923076924,79.93028846153845,84.19310897435898,3.0598607063293457,0.6207382678985596,0.6608288288116455,3.3027560710906982,0.27706193923950195,0.26428675651550293
308,82.89423076923077,76.97596153846153,82.35096153846155,90.1025641025641,78.87339743589745,84.41826923076923,3.065187692642212,0.6124553680419922,0.6527798175811768,3.4355416297912598,0.2635457515716553,0.2613868713378906
309,82.5048076923077,77.47115384615385,81.91826923076924,89.72676282051282,79.3974358974359,84.13301282051282,3.0711748600006104,0.6076362133026123,0.6605780124664307,3.25639009475708,0.25708436965942383,0.2710695266723633
310,82.46153846153847,77.9375,82.22596153846153,89.6698717948718,79.87740384615385,84.07932692307692,3.05751371383667,0.6096587181091309,0.6621291637420654,3.4701950550079346,0.264357328414917,0.26050400733947754
311,81.51442307692308,78.25,81.67788461538461,88.74038461538461,80.16746794871796,83.74679487179488,3.0604631900787354,0.6071939468383789,0.6682989597320557,3.464024782180786,0.2539713382720947,0.2604329586029053
312,82.34615384615384,77.2451923076923,81.71153846153845,89.46634615384616,79.10576923076923,84.11378205128204,3.0534253120422363,0.6083090305328369,0.6598787307739258,3.369034767150879,0.2541084289550781,0.26207923889160156
313,83.02884615384616,77.90865384615384,81.9423076923077,90.40304487179486,79.90865384615384,84.06570512820512,3.06636643409729,0.6030585765838623,0.6668064594268799,3.3573172092437744,0.2569124698638916,0.2602519989013672
314,82.34615384615384,78.05288461538461,82.1201923076923,89.2676282051282,80.07772435897435,84.1738782051282,3.0582518577575684,0.6098954677581787,0.6732385158538818,3.352050304412842,0.25397753715515137,0.2670719623565674
315,82.54807692307692,78.13461538461539,82.07692307692308,89.67628205128206,79.88060897435898,84.38141025641026,3.074516534805298,0.6044373512268066,0.6574804782867432,3.284095048904419,0.26757240295410156,0.2610485553741455
316,82.48076923076924,77.77884615384615,81.99038461538461,89.60336538461539,79.77483974358974,84.03685897435898,3.0605053901672363,0.6017866134643555,0.659034013748169,3.3308334350585938,0.2565033435821533,0.25836753845214844
317,82.23076923076923,77.29326923076924,81.82211538461537,89.28685897435898,79.54246794871796,84.04086538461539,3.074432849884033,0.5997378826141357,0.6576545238494873,3.279811382293701,0.25281548500061035,0.26691269874572754
318,83.04326923076924,77.5625,82.09615384615384,90.15705128205128,79.39903846153847,84.48878205128206,3.063847780227661,0.6100659370422363,0.6574468612670898,3.266418933868408,0.2628138065338135,0.2620983123779297
319,82.40865384615384,78.03846153846153,81.98076923076924,89.4198717948718,79.68189102564102,84.21233974358975,3.0683889389038086,0.6022224426269531,0.6582744121551514,3.310883045196533,0.2618088722229004,0.25957560539245605
320,82.4951923076923,77.54807692307692,81.60096153846153,89.68830128205128,79.3389423076923,84.08733974358974,3.0573606491088867,0.6054461002349854,0.6608016490936279,3.4008073806762695,0.25683021545410156,0.26072239875793457
321,82.625,77.55288461538463,81.88461538461539,89.67788461538461,79.74919871794872,84.21955128205128,3.0577969551086426,0.6017630100250244,0.6498434543609619,3.330307960510254,0.25914549827575684,0.2635812759399414
322,82.65865384615385,78.61538461538461,82.1923076923077,89.85176282051283,80.81891025641026,84.45352564102564,3.052058458328247,0.5984451770782471,0.662367582321167,3.245570421218872,0.26221776008605957,0.2589263916015625
323,82.35576923076923,78.28846153846155,81.95673076923077,89.67788461538461,80.33333333333333,84.01522435897436,3.0597808361053467,0.6049787998199463,0.6523287296295166,3.3117940425872803,0.2615082263946533,0.2596435546875
324,82.14423076923076,77.6201923076923,81.90384615384615,89.5400641025641,79.50961538461539,84.16426282051283,3.04622220993042,0.615166425704956,0.663902997970581,3.315546751022339,0.26484012603759766,0.26284050941467285
325,82.61057692307693,77.54807692307692,82.25961538461539,89.54967948717949,79.16746794871796,84.3389423076923,3.0483334064483643,0.6073622703552246,0.6527016162872314,3.2675743103027344,0.26068782806396484,0.2616124153137207
326,82.63942307692308,78.39423076923076,82.35096153846155,89.72676282051282,79.7724358974359,84.46794871794872,3.057091236114502,0.6003532409667969,0.6574902534484863,3.274595260620117,0.25749897956848145,0.26276588439941406
327,83.0673076923077,78.85096153846153,81.40384615384615,90.44391025641025,80.70352564102564,83.76682692307692,3.0820934772491455,0.596839427947998,0.6532995700836182,3.330789804458618,0.25614261627197266,0.27052760124206543
328,81.70673076923077,78.47596153846153,81.69711538461539,88.64182692307693,80.3838141025641,83.87179487179488,3.0596871376037598,0.6062586307525635,0.6591291427612305,3.3496220111846924,0.2518460750579834,0.26972007751464844
329,82.65384615384616,77.95673076923076,82.54807692307692,90.0448717948718,79.47435897435898,84.33974358974359,3.045116662979126,0.6089072227478027,0.6668050289154053,3.3210349082946777,0.2606658935546875,0.27137231826782227
330,83.1826923076923,78.53846153846153,81.70673076923077,90.02564102564102,80.06490384615384,84.14583333333333,3.058687210083008,0.6008851528167725,0.6653974056243896,3.303650379180908,0.2596590518951416,0.26193976402282715
331,82.28846153846155,78.44711538461539,81.9423076923077,89.16586538461539,80.20032051282051,84.09935897435898,3.0488359928131104,0.6002156734466553,0.6637594699859619,3.240265130996704,0.25995802879333496,0.2612760066986084
332,82.3076923076923,78.15384615384615,82.20673076923077,89.23798076923077,80.07692307692308,84.59455128205128,3.052579402923584,0.6095089912414551,0.6610684394836426,3.4383418560028076,0.2567133903503418,0.2632753849029541
333,82.53365384615384,76.83653846153847,81.46634615384616,89.63221153846153,78.46955128205128,83.7588141025641,3.0637032985687256,0.6018128395080566,0.6657383441925049,3.4036471843719482,0.2525660991668701,0.25901126861572266
334,83.08173076923076,78.89423076923077,82.0576923076923,90.26682692307692,80.72596153846155,84.22115384615385,3.0555026531219482,0.6121535301208496,0.6556396484375,3.419123649597168,0.2558863162994385,0.26431918144226074
335,82.65384615384616,78.65865384615385,81.71634615384616,89.51682692307692,80.49038461538461,84.21474358974359,3.053708553314209,0.606682300567627,0.6672437191009521,3.2547948360443115,0.25477004051208496,0.2683525085449219
336,83.04326923076924,78.11538461538461,82.14423076923076,90.28525641025641,80.02323717948718,84.26682692307692,3.0401391983032227,0.5983333587646484,0.6540231704711914,3.454202890396118,0.2584526538848877,0.2612340450286865
337,82.96153846153847,78.21153846153847,82.0576923076923,90.00961538461539,80.01522435897435,84.36698717948717,3.057114601135254,0.6074752807617188,0.6640417575836182,3.3358137607574463,0.270984411239624,0.2681999206542969
338,82.38942307692308,78.66826923076923,82.36057692307692,89.65544871794872,80.11458333333333,84.60096153846153,3.081920623779297,0.6039457321166992,0.6519575119018555,3.397862672805786,0.26859116554260254,0.2718935012817383
339,83.0,77.26923076923077,81.89423076923077,89.9110576923077,79.15544871794872,84.32451923076924,3.06229305267334,0.6068308353424072,0.6602692604064941,3.429720163345337,0.2626769542694092,0.25841307640075684
340,83.64903846153847,78.07692307692308,82.23076923076923,90.61217948717949,79.72115384615385,84.3261217948718,3.043405055999756,0.6007411479949951,0.6597025394439697,3.3438777923583984,0.2620995044708252,0.2587003707885742
341,81.88461538461539,78.51923076923077,81.52403846153847,88.78445512820512,80.35576923076924,83.68189102564104,3.0419063568115234,0.6136696338653564,0.6589431762695312,3.306126117706299,0.2649698257446289,0.2851436138153076
342,82.0,77.89423076923076,82.29326923076923,89.5448717948718,79.74439102564102,84.31009615384616,3.0471301078796387,0.5988693237304688,0.6726324558258057,3.3131661415100098,0.25272417068481445,0.2668032646179199
343,82.59134615384616,76.65384615384615,82.29807692307692,89.77483974358974,78.39823717948718,84.45753205128204,3.056248188018799,0.6080620288848877,0.6589446067810059,3.2995047569274902,0.27332496643066406,0.26055145263671875
344,83.7548076923077,77.88942307692308,82.21634615384616,91.0801282051282,79.30849358974359,84.3661858974359,3.053234100341797,0.6100788116455078,0.6674563884735107,3.2977025508880615,0.25950121879577637,0.26015448570251465
345,82.41826923076923,78.4326923076923,81.20673076923077,89.34775641025641,80.05208333333333,83.50320512820512,3.052807092666626,0.611018180847168,0.6589460372924805,3.301426887512207,0.26697802543640137,0.25728893280029297
346,81.92307692307692,77.77884615384615,81.35576923076923,88.8886217948718,79.79647435897435,83.58413461538461,3.0550708770751953,0.6040751934051514,0.6655864715576172,3.312624454498291,0.26346540451049805,0.2623870372772217
347,82.57692307692308,77.47596153846153,81.83653846153847,89.73317307692308,79.15544871794872,83.61057692307692,3.0500569343566895,0.6054341793060303,0.6623396873474121,3.2439513206481934,0.2610635757446289,0.2579917907714844
348,82.9326923076923,78.8076923076923,81.59615384615385,90.21554487179488,80.81410256410257,84.10977564102564,3.0501890182495117,0.6021943092346191,0.6652965545654297,3.3022983074188232,0.2593667507171631,0.2820258140563965
349,82.61538461538461,77.6298076923077,81.88942307692308,90.05128205128206,79.23157051282051,83.95753205128204,3.0609309673309326,0.635692834854126,0.6568667888641357,3.2831943035125732,0.26256418228149414,0.2687227725982666
350,82.58653846153847,78.21153846153847,82.4423076923077,89.85176282051283,80.12179487179488,84.73317307692308,3.0523104667663574,0.5991206169128418,0.672783613204956,3.432321786880493,0.25525927543640137,0.2622401714324951
351,82.85576923076923,78.78846153846155,81.5673076923077,90.3485576923077,80.51442307692308,83.8926282051282,3.061459541320801,0.6005513668060303,0.6741461753845215,3.308826208114624,0.2544894218444824,0.26307201385498047
352,81.83173076923077,77.90865384615384,82.40865384615384,89.10416666666666,79.8125,84.6698717948718,3.062872886657715,0.6037938594818115,0.6681363582611084,3.257826805114746,0.2678353786468506,0.26966333389282227
353,82.60096153846153,77.82692307692308,82.20673076923077,89.9110576923077,79.49358974358974,84.22035256410257,3.0665626525878906,0.6039841175079346,0.6577212810516357,3.350794553756714,0.26676201820373535,0.26307153701782227
354,82.95192307692307,78.625,82.47115384615384,89.88701923076923,80.66426282051282,84.70913461538461,3.0620946884155273,0.6021294593811035,0.6641345024108887,3.313375473022461,0.26459836959838867,0.2721827030181885
355,82.40865384615384,77.04326923076923,82.26442307692308,89.94471153846155,79.12179487179488,83.96714743589743,3.074000358581543,0.603503942489624,0.6647195816040039,3.4174702167510986,0.2665419578552246,0.26688432693481445
356,82.6201923076923,78.14423076923077,81.75961538461539,90.1298076923077,79.9775641025641,84.05128205128204,3.06917142868042,0.6020276546478271,0.6598343849182129,3.4039902687072754,0.2603271007537842,0.258608341217041
357,82.6298076923077,76.9423076923077,81.76442307692308,89.81169871794872,78.74439102564102,84.16426282051283,3.0735268592834473,0.6111671924591064,0.6571457386016846,3.4637255668640137,0.2588834762573242,0.27286434173583984
358,83.24038461538461,78.36538461538461,81.97596153846153,90.77403846153847,80.06330128205128,84.23317307692308,3.069042921066284,0.6084372997283936,0.6645824909210205,3.444098472595215,0.2810041904449463,0.2681131362915039
359,82.97596153846155,78.49038461538461,82.11057692307693,89.97836538461539,80.55689102564104,84.42948717948718,3.0441973209381104,0.6041173934936523,0.6554994583129883,3.3355703353881836,0.25550293922424316,0.2544519901275635
