,acc_test_teacher,acc_test_student,acc_test_distilled,acc_test_distilled_ds,acc_train_teacher,acc_train_student,acc_train_distilled,acc_train_distilled_ds,time_train_teacher,time_train_student,time_train_distilled,time_train_distilled_ds,time_test_teacher,time_test_student,time_test_distilled,time_test_distilled_ds
0,88.62,80.27,88.62,,88.3,79.59,88.3,,1.0168192386627197,0.31664562225341797,1.0168192386627197,,0.2923908233642578,0.05180191993713379,0.2923908233642578,
1,88.26,85.42999999999999,88.26,,88.32666666666667,85.11833333333333,88.32666666666667,,0.824732780456543,0.2880589962005615,0.824732780456543,,0.28682756423950195,0.05176854133605957,0.28682756423950195,
2,89.01,86.89,89.01,,89.28833333333334,87.095,89.28833333333334,,0.8210008144378662,0.2748911380767822,0.8210008144378662,,0.2938365936279297,0.057022809982299805,0.2938365936279297,
3,89.25,87.05000000000001,89.25,,89.56166666666667,86.92999999999999,89.56166666666667,,0.7577989101409912,0.2771177291870117,0.7577989101409912,,0.27785778045654297,0.05187273025512695,0.27785778045654297,
4,89.42,88.33,89.42,,89.90833333333333,87.765,89.90833333333333,,0.7587919235229492,0.26607632637023926,0.7587919235229492,,0.2776055335998535,0.05193686485290527,0.2776055335998535,
5,91.14999999999999,87.28,91.14999999999999,,91.475,87.02166666666666,91.475,,0.7262439727783203,0.2664153575897217,0.7262439727783203,,0.29384517669677734,0.051308393478393555,0.29384517669677734,
6,89.96,89.39,89.96,,90.86833333333333,89.67,90.86833333333333,,0.7163581848144531,0.26536107063293457,0.7163581848144531,,0.28824782371520996,0.0512385368347168,0.28824782371520996,
7,90.91,90.64999999999999,90.91,,91.27499999999999,90.45333333333333,91.27499999999999,,0.710446834564209,0.26085448265075684,0.710446834564209,,0.2852189540863037,0.05122947692871094,0.2852189540863037,
8,90.2,90.48,90.2,,91.29833333333333,89.81166666666667,91.29833333333333,,0.7170536518096924,0.274686336517334,0.7170536518096924,,0.28806018829345703,0.057572126388549805,0.28806018829345703,
9,89.7,90.58,89.7,,89.9,90.41666666666667,89.9,,0.6881973743438721,0.2598104476928711,0.6881973743438721,,0.28225278854370117,0.05146479606628418,0.28225278854370117,
10,91.4,90.16999999999999,91.4,,92.08833333333334,90.14,92.08833333333334,,0.68540358543396,0.2620539665222168,0.68540358543396,,0.2957174777984619,0.05142068862915039,0.2957174777984619,
11,92.17,87.61,92.17,,92.84166666666667,87.88333333333334,92.84166666666667,,0.6752321720123291,0.25921010971069336,0.6752321720123291,,0.29053235054016113,0.05594182014465332,0.29053235054016113,
12,90.83,89.61,90.83,,91.56666666666666,89.58333333333334,91.56666666666666,,0.6860065460205078,0.2576262950897217,0.6860065460205078,,0.2787816524505615,0.05091595649719238,0.2787816524505615,
13,90.86999999999999,90.51,90.86999999999999,,91.065,90.9,91.065,,0.6846542358398438,0.25864624977111816,0.6846542358398438,,0.28481125831604004,0.05226397514343262,0.28481125831604004,
14,91.05,89.63,91.05,,91.61500000000001,89.83833333333334,91.61500000000001,,0.6703689098358154,0.257857084274292,0.6703689098358154,,0.2828714847564697,0.05193781852722168,0.2828714847564697,
15,91.95,89.73,91.95,,92.60833333333333,90.03999999999999,92.60833333333333,,0.6660802364349365,0.25522613525390625,0.6660802364349365,,0.2849864959716797,0.051781415939331055,0.2849864959716797,
16,90.97,89.32,90.97,,91.89833333333334,89.05333333333333,91.89833333333334,,0.6778278350830078,0.2581782341003418,0.6778278350830078,,0.2908821105957031,0.05114030838012695,0.2908821105957031,
17,92.13,90.06,92.13,,92.91333333333334,90.69833333333334,92.91333333333334,,0.6627106666564941,0.25178027153015137,0.6627106666564941,,0.2983529567718506,0.05725383758544922,0.2983529567718506,
18,92.12,89.7,92.12,,92.95333333333333,90.49333333333334,92.95333333333333,,0.6568200588226318,0.25415468215942383,0.6568200588226318,,0.28627562522888184,0.05042672157287598,0.28627562522888184,
19,91.24,89.71000000000001,91.24,,92.27333333333333,90.16333333333333,92.27333333333333,,0.6580977439880371,0.2538619041442871,0.6580977439880371,,0.29051780700683594,0.05116081237792969,0.29051780700683594,
20,92.58,90.69,92.58,,93.28333333333333,91.05833333333334,93.28333333333333,,0.6517438888549805,0.2568185329437256,0.6517438888549805,,0.28161025047302246,0.05524921417236328,0.28161025047302246,
21,91.95,90.57,91.95,,92.46666666666667,90.82333333333334,92.46666666666667,,0.6458728313446045,0.25359225273132324,0.6458728313446045,,0.2911686897277832,0.051812171936035156,0.2911686897277832,
22,92.84,90.21000000000001,92.84,,93.74833333333333,90.97333333333333,93.74833333333333,,0.6390602588653564,0.2513151168823242,0.6390602588653564,,0.2907981872558594,0.05118513107299805,0.2907981872558594,
23,93.35,90.19,93.35,,94.38166666666666,90.155,94.38166666666666,,0.662750244140625,0.25103330612182617,0.662750244140625,,0.29412150382995605,0.05120420455932617,0.29412150382995605,
24,92.7,90.21000000000001,92.7,,93.715,90.39,93.715,,0.6490762233734131,0.254683256149292,0.6490762233734131,,0.2830815315246582,0.05164623260498047,0.2830815315246582,
25,93.08,90.23,93.08,,94.00833333333334,89.72666666666666,94.00833333333334,,0.6458418369293213,0.25303053855895996,0.6458418369293213,,0.2866032123565674,0.05195021629333496,0.2866032123565674,
26,93.16,90.95,93.16,,93.72500000000001,91.28166666666667,93.72500000000001,,0.6518042087554932,0.2523517608642578,0.6518042087554932,,0.2845752239227295,0.0582275390625,0.2845752239227295,
27,91.88,90.94,91.88,,93.10833333333333,90.79,93.10833333333333,,0.6441316604614258,0.25463247299194336,0.6441316604614258,,0.2892324924468994,0.05144453048706055,0.2892324924468994,
28,93.43,91.21000000000001,93.43,,94.62833333333333,91.28,94.62833333333333,,0.6303672790527344,0.25409436225891113,0.6303672790527344,,0.2935330867767334,0.060233116149902344,0.2935330867767334,
29,92.88,90.13,92.88,,93.915,90.02,93.915,,0.6326584815979004,0.252147912979126,0.6326584815979004,,0.28355979919433594,0.06068825721740723,0.28355979919433594,
30,92.89,90.51,92.89,,93.62,90.61833333333334,93.62,,0.633326530456543,0.25179147720336914,0.633326530456543,,0.28322768211364746,0.05987691879272461,0.28322768211364746,
31,91.56,90.5,91.56,,92.81833333333334,90.69,92.81833333333334,,0.6367871761322021,0.25096702575683594,0.6367871761322021,,0.28862690925598145,0.05764889717102051,0.28862690925598145,
32,92.83,89.74,92.83,,93.46833333333333,89.98,93.46833333333333,,0.6459026336669922,0.25283193588256836,0.6459026336669922,,0.2862999439239502,0.05160093307495117,0.2862999439239502,
33,93.33,91.63,93.33,,94.29833333333333,92.10333333333334,94.29833333333333,,0.6363682746887207,0.25490474700927734,0.6363682746887207,,0.2928965091705322,0.06165504455566406,0.2928965091705322,
34,92.75,91.2,92.75,,93.54166666666667,91.725,93.54166666666667,,0.6467001438140869,0.25400424003601074,0.6467001438140869,,0.2814192771911621,0.05234169960021973,0.2814192771911621,
35,92.77,90.79,92.77,,93.82833333333333,91.25999999999999,93.82833333333333,,0.6333165168762207,0.2502889633178711,0.6333165168762207,,0.2822895050048828,0.05151796340942383,0.2822895050048828,
36,92.78999999999999,90.11,92.78999999999999,,93.285,90.53666666666666,93.285,,0.6328573226928711,0.24874591827392578,0.6328573226928711,,0.28263211250305176,0.05214691162109375,0.28263211250305176,
37,92.86999999999999,90.92,92.86999999999999,,94.00833333333334,91.49166666666667,94.00833333333334,,0.6347885131835938,0.24593687057495117,0.6347885131835938,,0.28624534606933594,0.0538785457611084,0.28624534606933594,
38,92.4,91.2,92.4,,93.08,91.425,93.08,,0.6279406547546387,0.2515838146209717,0.6279406547546387,,0.2856788635253906,0.053193092346191406,0.2856788635253906,
39,93.49,90.86999999999999,93.49,,94.51,91.10333333333334,94.51,,0.6235647201538086,0.2530527114868164,0.6235647201538086,,0.2825589179992676,0.05226755142211914,0.2825589179992676,
40,93.52000000000001,90.72,93.52000000000001,,94.695,90.33,94.695,,0.6229438781738281,0.25225067138671875,0.6229438781738281,,0.2891407012939453,0.05201411247253418,0.2891407012939453,
41,92.67,90.83,92.67,,94.23166666666667,91.09833333333334,94.23166666666667,,0.6203351020812988,0.25954771041870117,0.6203351020812988,,0.28851795196533203,0.051226139068603516,0.28851795196533203,
42,92.72,91.33,92.72,,93.66,91.04166666666667,93.66,,0.622626543045044,0.2488422393798828,0.622626543045044,,0.287825345993042,0.05769610404968262,0.287825345993042,
43,93.28999999999999,90.66,93.28999999999999,,94.56333333333333,91.03833333333333,94.56333333333333,,0.6483659744262695,0.2500488758087158,0.6483659744262695,,0.2859344482421875,0.051371097564697266,0.2859344482421875,
44,93.95,90.34,93.95,,94.89166666666667,90.19500000000001,94.89166666666667,,0.6259620189666748,0.24944353103637695,0.6259620189666748,,0.2877349853515625,0.05670499801635742,0.2877349853515625,
45,93.42,90.63,93.42,,94.65666666666667,91.22,94.65666666666667,,0.6433885097503662,0.24975275993347168,0.6433885097503662,,0.2820312976837158,0.05140376091003418,0.2820312976837158,
46,93.73,90.77,93.73,,94.66666666666667,90.72666666666666,94.66666666666667,,0.6244010925292969,0.24872541427612305,0.6244010925292969,,0.29729127883911133,0.05157065391540527,0.29729127883911133,
47,93.03,90.12,93.03,,94.15166666666667,91.03833333333333,94.15166666666667,,0.6240241527557373,0.25374341011047363,0.6240241527557373,,0.2845118045806885,0.05158853530883789,0.2845118045806885,
48,93.43,89.67,93.43,,94.47166666666666,90.2,94.47166666666666,,0.6247119903564453,0.25318408012390137,0.6247119903564453,,0.2861921787261963,0.05409646034240723,0.2861921787261963,
49,93.25,90.84,93.25,,94.33,91.145,94.33,,0.6350677013397217,0.24695539474487305,0.6350677013397217,,0.30146050453186035,0.05190134048461914,0.30146050453186035,
50,93.7,90.5,93.7,,94.76,90.51833333333333,94.76,,0.6448111534118652,0.25183534622192383,0.6448111534118652,,0.2894728183746338,0.058893442153930664,0.2894728183746338,
51,93.49,90.55,93.49,,95.02833333333334,91.04166666666667,95.02833333333334,,0.6160910129547119,0.2516613006591797,0.6160910129547119,,0.2891664505004883,0.052065134048461914,0.2891664505004883,
52,93.06,91.42,93.06,,93.94166666666666,91.19833333333334,93.94166666666666,,0.6370172500610352,0.2490370273590088,0.6370172500610352,,0.28804731369018555,0.05143260955810547,0.28804731369018555,
53,93.31,89.48,93.31,,94.33500000000001,90.11,94.33500000000001,,0.6205224990844727,0.2466738224029541,0.6205224990844727,,0.28864598274230957,0.05201458930969238,0.28864598274230957,
54,93.56,91.42,93.56,,94.89833333333333,91.44166666666666,94.89833333333333,,0.6246368885040283,0.25026726722717285,0.6246368885040283,,0.28492188453674316,0.05178070068359375,0.28492188453674316,
55,92.72,90.64999999999999,92.72,,94.19666666666666,90.925,94.19666666666666,,0.6223535537719727,0.2452709674835205,0.6223535537719727,,0.2876474857330322,0.05201292037963867,0.2876474857330322,
56,93.13,91.53,93.13,,94.51666666666667,91.76666666666667,94.51666666666667,,0.6255440711975098,0.24710822105407715,0.6255440711975098,,0.2889831066131592,0.05143618583679199,0.2889831066131592,
57,93.37,91.39,93.37,,94.57166666666666,91.42,94.57166666666666,,0.618354082107544,0.24965548515319824,0.618354082107544,,0.30435705184936523,0.0516657829284668,0.30435705184936523,
58,93.17999999999999,90.68,93.17999999999999,,94.10666666666667,90.81,94.10666666666667,,0.625469446182251,0.25854969024658203,0.625469446182251,,0.2924501895904541,0.0513458251953125,0.2924501895904541,
59,93.26,92.01,93.26,,94.31333333333333,92.02666666666667,94.31333333333333,,0.6379485130310059,0.24758553504943848,0.6379485130310059,,0.28104281425476074,0.05132913589477539,0.28104281425476074,
60,93.49,90.14,93.49,,95.04166666666667,90.48666666666666,95.04166666666667,,0.6308619976043701,0.2499701976776123,0.6308619976043701,,0.28591036796569824,0.053058624267578125,0.28591036796569824,
61,92.78999999999999,91.42,92.78999999999999,,93.97166666666666,91.625,93.97166666666666,,0.6163337230682373,0.25014591217041016,0.6163337230682373,,0.28267550468444824,0.05179476737976074,0.28267550468444824,
62,93.34,91.03,93.34,,94.86,91.46166666666666,94.86,,0.6204245090484619,0.24504828453063965,0.6204245090484619,,0.2852911949157715,0.05289816856384277,0.2852911949157715,
63,93.32000000000001,91.46,93.32000000000001,,94.51333333333334,91.77,94.51333333333334,,0.6041300296783447,0.24696087837219238,0.6041300296783447,,0.2833571434020996,0.051680803298950195,0.2833571434020996,
64,93.91000000000001,90.89,93.91000000000001,,95.44333333333334,91.3,95.44333333333334,,0.628608226776123,0.2520585060119629,0.628608226776123,,0.2933635711669922,0.05197024345397949,0.2933635711669922,
65,94.01,90.07,94.01,,95.23666666666666,90.35,95.23666666666666,,0.6214239597320557,0.25072193145751953,0.6214239597320557,,0.28872251510620117,0.05249786376953125,0.28872251510620117,
66,93.8,90.88000000000001,93.8,,94.85333333333334,91.55333333333333,94.85333333333334,,0.62850022315979,0.24741578102111816,0.62850022315979,,0.2899134159088135,0.05152416229248047,0.2899134159088135,
67,93.56,91.71000000000001,93.56,,94.68666666666667,92.24,94.68666666666667,,0.6289000511169434,0.2492070198059082,0.6289000511169434,,0.2919623851776123,0.05169868469238281,0.2919623851776123,
68,93.36,90.57,93.36,,94.27,90.84833333333333,94.27,,0.6265974044799805,0.2483689785003662,0.6265974044799805,,0.28559279441833496,0.05143427848815918,0.28559279441833496,
69,94.17999999999999,90.57,94.17999999999999,,95.07,90.62833333333333,95.07,,0.621598482131958,0.2494816780090332,0.621598482131958,,0.2919158935546875,0.05163097381591797,0.2919158935546875,
70,93.64,90.95,93.64,,94.58166666666666,91.415,94.58166666666666,,0.6160008907318115,0.24793171882629395,0.6160008907318115,,0.27878785133361816,0.051312923431396484,0.27878785133361816,
71,93.38,90.29,93.38,,94.17,89.92666666666666,94.17,,0.6346662044525146,0.253279447555542,0.6346662044525146,,0.2924020290374756,0.05137228965759277,0.2924020290374756,
72,93.47999999999999,89.14,93.47999999999999,,94.245,89.46,94.245,,0.62099289894104,0.2485828399658203,0.62099289894104,,0.2845039367675781,0.051412343978881836,0.2845039367675781,
73,93.07,90.41,93.07,,94.39833333333333,90.79166666666667,94.39833333333333,,0.6199562549591064,0.24806952476501465,0.6199562549591064,,0.29151034355163574,0.051892995834350586,0.29151034355163574,
74,93.93,90.77,93.93,,95.03833333333334,90.75,95.03833333333334,,0.6278026103973389,0.24837565422058105,0.6278026103973389,,0.3026576042175293,0.0526883602142334,0.3026576042175293,
75,93.57,91.47999999999999,93.57,,94.75,91.91333333333334,94.75,,0.618138313293457,0.24659323692321777,0.618138313293457,,0.2867166996002197,0.05153489112854004,0.2867166996002197,
76,93.30000000000001,91.25,93.30000000000001,,94.375,91.63666666666667,94.375,,0.6063787937164307,0.25020456314086914,0.6063787937164307,,0.28685426712036133,0.05161428451538086,0.28685426712036133,
77,93.93,90.66,93.93,,94.94,90.885,94.94,,0.614830493927002,0.25076818466186523,0.614830493927002,,0.29117488861083984,0.051422834396362305,0.29117488861083984,
78,92.91,90.89,92.91,,93.61833333333334,91.28666666666668,93.61833333333334,,0.6259372234344482,0.25427818298339844,0.6259372234344482,,0.287675142288208,0.0519709587097168,0.287675142288208,
79,94.02000000000001,90.55,94.02000000000001,,95.565,90.73833333333333,95.565,,0.6175994873046875,0.244581937789917,0.6175994873046875,,0.3005239963531494,0.051275014877319336,0.3005239963531494,
80,93.67999999999999,90.67,93.67999999999999,,94.89,91.37666666666667,94.89,,0.6422224044799805,0.24533891677856445,0.6422224044799805,,0.2897977828979492,0.05152106285095215,0.2897977828979492,
81,93.63,91.38,93.63,,94.67333333333333,91.69333333333334,94.67333333333333,,0.6162059307098389,0.2520561218261719,0.6162059307098389,,0.28994226455688477,0.05135846138000488,0.28994226455688477,
82,93.64,89.69,93.64,,94.755,90.41166666666666,94.755,,0.6180830001831055,0.24525761604309082,0.6180830001831055,,0.2839195728302002,0.05211472511291504,0.2839195728302002,
83,92.25999999999999,91.14999999999999,92.25999999999999,,93.66499999999999,91.55499999999999,93.66499999999999,,0.6223983764648438,0.2526848316192627,0.6223983764648438,,0.2875053882598877,0.05063652992248535,0.2875053882598877,
84,93.10000000000001,89.33,93.10000000000001,,94.29166666666666,89.60000000000001,94.29166666666666,,0.6128542423248291,0.24681472778320312,0.6128542423248291,,0.29206109046936035,0.05126810073852539,0.29206109046936035,
85,94.31,90.92,94.31,,95.55666666666667,91.535,95.55666666666667,,0.6229534149169922,0.25057482719421387,0.6229534149169922,,0.2834737300872803,0.0523068904876709,0.2834737300872803,
86,92.43,91.03,92.43,,93.40666666666667,91.17666666666666,93.40666666666667,,0.6162960529327393,0.24740934371948242,0.6162960529327393,,0.2920215129852295,0.05177021026611328,0.2920215129852295,
87,93.75,91.57,93.75,,94.93166666666667,91.60666666666667,94.93166666666667,,0.6277918815612793,0.24271702766418457,0.6277918815612793,,0.28540468215942383,0.05234050750732422,0.28540468215942383,
88,92.71000000000001,90.88000000000001,92.71000000000001,,94.00333333333334,91.30666666666667,94.00333333333334,,0.6259522438049316,0.24695968627929688,0.6259522438049316,,0.29892516136169434,0.05183768272399902,0.29892516136169434,
89,93.78999999999999,90.2,93.78999999999999,,95.25,90.495,95.25,,0.6180093288421631,0.25072383880615234,0.6180093288421631,,0.28814697265625,0.052400827407836914,0.28814697265625,
90,93.99,91.47,93.99,,95.535,91.88166666666666,95.535,,0.6119186878204346,0.24761962890625,0.6119186878204346,,0.29007577896118164,0.05610489845275879,0.29007577896118164,
91,92.95,90.22,92.95,,94.43,90.90333333333334,94.43,,0.6076912879943848,0.25826597213745117,0.6076912879943848,,0.2758321762084961,0.05718874931335449,0.2758321762084961,
92,94.56,90.71000000000001,94.56,,95.595,90.72,95.595,,0.6013970375061035,0.24619650840759277,0.6013970375061035,,0.29134702682495117,0.05781126022338867,0.29134702682495117,
93,94.55,91.02,94.55,,95.64,91.18333333333334,95.64,,0.6070632934570312,0.25074052810668945,0.6070632934570312,,0.28996872901916504,0.059931039810180664,0.28996872901916504,
94,93.83,91.59,93.83,,95.01333333333334,91.73833333333333,95.01333333333334,,0.6202554702758789,0.25086379051208496,0.6202554702758789,,0.2914118766784668,0.052419424057006836,0.2914118766784668,
95,93.12,90.97,93.12,,94.56666666666666,91.03999999999999,94.56666666666666,,0.6187894344329834,0.2641279697418213,0.6187894344329834,,0.2941582202911377,0.05277872085571289,0.2941582202911377,
96,93.12,90.96,93.12,,94.46666666666667,91.23166666666667,94.46666666666667,,0.6085095405578613,0.25811076164245605,0.6085095405578613,,0.2923765182495117,0.05100512504577637,0.2923765182495117,
97,93.78999999999999,90.89,93.78999999999999,,94.82833333333333,91.46833333333333,94.82833333333333,,0.6108076572418213,0.24722957611083984,0.6108076572418213,,0.2867622375488281,0.05185246467590332,0.2867622375488281,
98,93.45,91.12,93.45,,94.92666666666668,91.345,94.92666666666668,,0.6098065376281738,0.24581527709960938,0.6098065376281738,,0.2813248634338379,0.05148458480834961,0.2813248634338379,
99,93.67,91.82000000000001,93.67,,94.92833333333334,92.00833333333334,94.92833333333334,,0.5995967388153076,0.24943995475769043,0.5995967388153076,,0.2915940284729004,0.05134987831115723,0.2915940284729004,
100,93.76,90.84,93.76,,95.04166666666667,90.41666666666667,95.04166666666667,,0.6038758754730225,0.24740958213806152,0.6038758754730225,,0.29199671745300293,0.05153036117553711,0.29199671745300293,
101,93.14,90.47,93.14,,94.43666666666667,90.63166666666666,94.43666666666667,,0.6004385948181152,0.24932551383972168,0.6004385948181152,,0.2981712818145752,0.05202817916870117,0.2981712818145752,
102,94.17999999999999,90.7,94.17999999999999,,94.96166666666667,91.05333333333333,94.96166666666667,,0.6042637825012207,0.24569129943847656,0.6042637825012207,,0.28903698921203613,0.051657915115356445,0.28903698921203613,
103,94.05,91.47999999999999,94.05,,94.79166666666666,91.71833333333333,94.79166666666666,,0.614691972732544,0.2508077621459961,0.614691972732544,,0.2826802730560303,0.05185532569885254,0.2826802730560303,
104,93.41000000000001,92.71000000000001,93.41000000000001,,94.24833333333333,92.795,94.24833333333333,,0.6129333972930908,0.24503660202026367,0.6129333972930908,,0.29468297958374023,0.05797982215881348,0.29468297958374023,
105,93.46,91.96,93.46,,94.43333333333334,92.36333333333333,94.43333333333334,,0.6057333946228027,0.2519111633300781,0.6057333946228027,,0.29335522651672363,0.05185198783874512,0.29335522651672363,
106,93.78,90.33,93.78,,94.66666666666667,90.76833333333333,94.66666666666667,,0.6226894855499268,0.24845027923583984,0.6226894855499268,,0.2898595333099365,0.05158877372741699,0.2898595333099365,
107,93.54,91.81,93.54,,94.89166666666667,92.50833333333334,94.89166666666667,,0.6090757846832275,0.2477250099182129,0.6090757846832275,,0.295367956161499,0.05714082717895508,0.295367956161499,
108,94.17,90.63,94.17,,95.57,90.86166666666666,95.57,,0.6062026023864746,0.2526891231536865,0.6062026023864746,,0.2828693389892578,0.051943302154541016,0.2828693389892578,
109,93.83,91.72,93.83,,94.84333333333333,91.95666666666666,94.84333333333333,,0.6071217060089111,0.2481215000152588,0.6071217060089111,,0.29683780670166016,0.05161714553833008,0.29683780670166016,
110,94.32000000000001,90.9,94.32000000000001,,95.34333333333333,91.08333333333334,95.34333333333333,,0.6062703132629395,0.24523401260375977,0.6062703132629395,,0.2868223190307617,0.05217552185058594,0.2868223190307617,
111,94.13,92.33,94.13,,95.33333333333334,92.25,95.33333333333334,,0.6100425720214844,0.2446131706237793,0.6100425720214844,,0.2868156433105469,0.05277657508850098,0.2868156433105469,
112,93.69,91.27,93.69,,94.5,91.58333333333334,94.5,,0.6218514442443848,0.2468099594116211,0.6218514442443848,,0.28403544425964355,0.05220222473144531,0.28403544425964355,
113,93.06,90.63,93.06,,93.77,91.21000000000001,93.77,,0.6172420978546143,0.24376893043518066,0.6172420978546143,,0.2925598621368408,0.052663564682006836,0.2925598621368408,
114,94.46,90.59,94.46,,95.85166666666667,90.99000000000001,95.85166666666667,,0.6170761585235596,0.24481821060180664,0.6170761585235596,,0.2906339168548584,0.0527956485748291,0.2906339168548584,
115,94.11,91.33,94.11,,95.31833333333334,91.375,95.31833333333334,,0.606529712677002,0.2460179328918457,0.606529712677002,,0.28960561752319336,0.052149295806884766,0.28960561752319336,
116,94.15,92.01,94.15,,95.34333333333333,91.68166666666666,95.34333333333333,,0.6115555763244629,0.24457120895385742,0.6115555763244629,,0.29758477210998535,0.05214238166809082,0.29758477210998535,
117,92.97999999999999,90.48,92.97999999999999,,94.355,90.875,94.355,,0.6021499633789062,0.24564504623413086,0.6021499633789062,,0.2981712818145752,0.05146479606628418,0.2981712818145752,
118,93.74,90.45,93.74,,95.095,90.43333333333334,95.095,,0.6125166416168213,0.24901056289672852,0.6125166416168213,,0.29107666015625,0.05128669738769531,0.29107666015625,
119,93.45,91.22,93.45,,94.40833333333333,91.52666666666667,94.40833333333333,,0.5986382961273193,0.24394631385803223,0.5986382961273193,,0.29340410232543945,0.052202701568603516,0.29340410232543945,
120,93.5,92.30000000000001,85.64,87.98,94.55833333333334,92.52833333333334,85.67333333333333,87.67,0.6095426082611084,0.24451899528503418,2.4399681091308594,0.4673950672149658,0.28946352005004883,0.05238175392150879,0.5247714519500732,0.0954732894897461
121,93.92,90.67,90.39,84.96000000000001,95.17999999999999,91.13833333333334,90.62166666666667,84.80333333333333,0.622819185256958,0.2459115982055664,2.1126041412353516,0.4253385066986084,0.29704904556274414,0.0514683723449707,0.5259478092193604,0.09679937362670898
122,93.67,91.13,91.2,90.02,94.94166666666666,91.01,91.06333333333333,90.02833333333334,0.6062572002410889,0.24389004707336426,2.066480875015259,0.4213271141052246,0.2869415283203125,0.05106306076049805,0.5263683795928955,0.09644365310668945
123,93.27,90.99000000000001,92.0,90.52,94.28333333333333,91.215,92.05,90.51,0.6000218391418457,0.24626684188842773,2.0361766815185547,0.4122180938720703,0.28847265243530273,0.05229544639587402,0.5339159965515137,0.09715700149536133
124,93.51,91.74,90.97,90.08,95.08333333333333,92.34333333333333,90.885,90.36833333333333,0.6159985065460205,0.24460434913635254,1.987926959991455,0.40808939933776855,0.29253554344177246,0.05189347267150879,0.5459272861480713,0.09916090965270996
125,94.21000000000001,90.27,91.16,90.31,95.20166666666667,90.54833333333333,91.39166666666667,90.14166666666667,0.6046295166015625,0.2441883087158203,1.9967286586761475,0.41175365447998047,0.2873389720916748,0.050823211669921875,0.5368547439575195,0.09745550155639648
126,93.66,90.19,92.78,91.4,94.84666666666666,90.35666666666667,92.95,91.68833333333333,0.6087288856506348,0.24537134170532227,1.9787828922271729,0.4110109806060791,0.29054737091064453,0.05194377899169922,0.5687062740325928,0.09769606590270996
127,94.16,90.07,91.82000000000001,90.69,95.13166666666667,90.58,92.36833333333333,90.60166666666667,0.6208019256591797,0.24648642539978027,1.9482858180999756,0.40874528884887695,0.2982642650604248,0.05702614784240723,0.5461478233337402,0.09811735153198242
128,93.56,90.36,92.95,89.48,94.415,90.62166666666667,93.31666666666666,89.62333333333333,0.5964145660400391,0.25293493270874023,1.9552035331726074,0.40015125274658203,0.3025085926055908,0.06192612648010254,0.5411713123321533,0.09913468360900879
129,93.78,91.03,92.96,90.06,94.97833333333332,91.50666666666667,93.445,90.47,0.6148765087127686,0.2464466094970703,1.9512765407562256,0.40064120292663574,0.28638243675231934,0.054613590240478516,0.5469961166381836,0.09727692604064941
130,94.5,90.81,93.15,90.8,95.89166666666667,91.27499999999999,93.90666666666667,91.50166666666667,0.5957751274108887,0.24651551246643066,1.9207079410552979,0.40626978874206543,0.28252458572387695,0.051525115966796875,0.5403304100036621,0.09788727760314941
131,93.36,91.83,92.5,90.03999999999999,94.78666666666666,92.46166666666666,92.77499999999999,90.42833333333333,0.6007299423217773,0.25040221214294434,1.9264330863952637,0.39820027351379395,0.2922782897949219,0.05355381965637207,0.5517256259918213,0.098114013671875
132,94.06,90.14,93.7,90.36999999999999,95.25333333333333,90.41166666666666,93.89833333333333,90.84333333333333,0.6100473403930664,0.24932241439819336,1.914621353149414,0.4056239128112793,0.2978239059448242,0.052953481674194336,0.5479750633239746,0.09743094444274902
133,93.92,91.34,92.83,90.06,95.20833333333333,91.61166666666666,93.18166666666666,90.32166666666667,0.6096982955932617,0.25005245208740234,1.9289674758911133,0.4023630619049072,0.30185794830322266,0.05229783058166504,0.5455336570739746,0.09780764579772949
134,94.19,90.44,92.5,91.71000000000001,95.43666666666667,90.48,93.185,92.40666666666667,0.6075990200042725,0.2488539218902588,1.901292085647583,0.3999333381652832,0.3055250644683838,0.05205392837524414,0.5526196956634521,0.09790635108947754
135,92.83,91.7,92.34,91.92,94.17,91.59666666666666,93.21666666666667,92.13833333333334,0.6033337116241455,0.243438720703125,1.9063103199005127,0.4019496440887451,0.2924818992614746,0.05712699890136719,0.5463242530822754,0.09735107421875
136,94.14,91.36,92.77,92.47999999999999,95.54333333333334,91.50333333333333,93.38166666666666,92.61833333333334,0.602715253829956,0.24680066108703613,1.910771131515503,0.3963289260864258,0.2916998863220215,0.05194377899169922,0.5466821193695068,0.09816598892211914
137,94.36,91.43,92.96,91.53,95.38,91.53,93.93333333333334,91.59833333333334,0.6041452884674072,0.24702119827270508,1.9338207244873047,0.39891695976257324,0.285991907119751,0.05607271194458008,0.5425620079040527,0.09906959533691406
138,92.85,91.0,93.56,92.01,94.25,91.13333333333333,93.83166666666666,91.99666666666667,0.6129934787750244,0.2483687400817871,1.9146368503570557,0.39368391036987305,0.28925228118896484,0.05203390121459961,0.5498607158660889,0.09907841682434082
139,93.38,91.67999999999999,93.5,92.05,94.69,91.48333333333333,94.35,92.215,0.6151602268218994,0.24402689933776855,1.9133803844451904,0.4171323776245117,0.29812169075012207,0.0518801212310791,0.5555229187011719,0.09853005409240723
140,94.21000000000001,89.89,93.54,86.47,95.865,90.51166666666667,94.06166666666667,86.42666666666666,0.6081554889678955,0.24346446990966797,1.9180376529693604,0.39479684829711914,0.2874021530151367,0.05223226547241211,0.5543868541717529,0.09932756423950195
141,93.03,90.8,93.21000000000001,92.71000000000001,94.19166666666666,91.32666666666667,93.91333333333334,92.86666666666666,0.6014821529388428,0.2446460723876953,1.9020185470581055,0.40193724632263184,0.2841777801513672,0.05227398872375488,0.5412707328796387,0.10593295097351074
142,94.12,89.71000000000001,93.2,91.53,95.5,89.96166666666666,93.85,91.98333333333333,0.6013023853302002,0.24523639678955078,1.886763095855713,0.404496431350708,0.2946598529815674,0.051439762115478516,0.5480067729949951,0.10290002822875977
143,93.72,91.64,92.77,92.2,95.34666666666666,91.86166666666666,93.54833333333333,92.56,0.6238648891448975,0.24508309364318848,1.8947603702545166,0.3954617977142334,0.29274463653564453,0.05138349533081055,0.5481491088867188,0.09766316413879395
144,94.08,91.03,93.92,91.82000000000001,95.27666666666667,90.95833333333333,94.51,91.94833333333334,0.6132171154022217,0.24385571479797363,1.88934326171875,0.39571189880371094,0.2854502201080322,0.05659317970275879,0.5425310134887695,0.10216212272644043
145,93.86,91.23,93.41000000000001,92.21000000000001,95.13666666666667,91.58,94.18666666666667,91.88833333333334,0.6292984485626221,0.2564542293548584,1.8912162780761719,0.39253973960876465,0.29048657417297363,0.057068586349487305,0.5585618019104004,0.10383749008178711
146,93.78,91.46,93.15,91.75,95.31666666666668,91.53166666666667,94.20166666666667,92.125,0.610905647277832,0.2537691593170166,1.90352201461792,0.4001798629760742,0.2916274070739746,0.052040815353393555,0.5464458465576172,0.10062837600708008
147,94.08999999999999,91.46,93.12,92.12,95.655,91.66666666666666,93.845,92.62833333333333,0.6146252155303955,0.24633145332336426,1.8960902690887451,0.3970799446105957,0.2939603328704834,0.0520625114440918,0.5468556880950928,0.10071086883544922
148,94.12,91.03999999999999,93.52000000000001,90.12,95.59166666666667,91.43333333333334,94.07666666666667,90.18833333333333,0.6133041381835938,0.24763751029968262,1.8801026344299316,0.3923680782318115,0.2924232482910156,0.051570892333984375,0.5469110012054443,0.09877634048461914
149,93.7,91.46,93.05,88.61,94.8,91.81833333333333,94.05,88.86333333333334,0.610558032989502,0.24462556838989258,1.8968045711517334,0.3927147388458252,0.2985806465148926,0.052118778228759766,0.5402135848999023,0.11020183563232422
150,93.76,91.18,93.62,92.95,95.23666666666666,91.84,94.26666666666667,93.265,0.620173454284668,0.24353766441345215,1.8855996131896973,0.39630913734436035,0.2885470390319824,0.05188107490539551,0.545140266418457,0.09807205200195312
151,93.7,92.19000000000001,93.2,91.85,94.87666666666667,92.19833333333334,94.20333333333333,92.065,0.6003594398498535,0.24588799476623535,1.8867814540863037,0.399888277053833,0.2934303283691406,0.051920413970947266,0.5486228466033936,0.09876132011413574
152,94.24,90.31,94.15,92.56,95.55666666666667,90.56833333333333,94.69333333333333,92.80166666666668,0.6127543449401855,0.24494600296020508,1.8891501426696777,0.3957939147949219,0.2852003574371338,0.05261564254760742,0.5446527004241943,0.09972834587097168
153,92.2,91.21000000000001,93.46,91.03,93.855,91.455,93.81666666666668,90.99000000000001,0.6166975498199463,0.2436833381652832,1.8893976211547852,0.3957405090332031,0.2909700870513916,0.05277132987976074,0.560692548751831,0.10610699653625488
154,94.24,91.55,93.67,92.15,95.46,91.96666666666667,94.315,92.53166666666667,0.6142449378967285,0.24590826034545898,1.8722162246704102,0.3932838439941406,0.28988218307495117,0.05382227897644043,0.5553603172302246,0.09967613220214844
155,93.85,91.74,93.44,91.82000000000001,95.30999999999999,91.83,94.06833333333333,92.57333333333332,0.6085941791534424,0.24675917625427246,1.8927085399627686,0.39693307876586914,0.2851979732513428,0.0568547248840332,0.5486047267913818,0.0986332893371582
156,94.08999999999999,91.64,93.84,92.92,95.30833333333332,91.69166666666668,94.67166666666667,92.89666666666668,0.6106901168823242,0.2513418197631836,1.8909800052642822,0.397874116897583,0.2907750606536865,0.05131411552429199,0.5473072528839111,0.09999275207519531
157,93.91000000000001,89.89,93.21000000000001,92.17999999999999,95.06833333333333,90.16,94.14166666666667,92.62666666666667,0.6128649711608887,0.24579739570617676,1.8793106079101562,0.4006803035736084,0.28332042694091797,0.05503392219543457,0.5480437278747559,0.10241389274597168
158,93.42,91.01,93.06,90.41,94.65,90.99000000000001,94.04333333333334,90.495,0.6001749038696289,0.2484731674194336,1.8791589736938477,0.39677000045776367,0.2926039695739746,0.05602717399597168,0.5507073402404785,0.09883737564086914
159,93.47,91.75,94.14,91.85,94.96833333333333,92.045,94.8,92.17666666666666,0.6099438667297363,0.24728035926818848,1.899277925491333,0.3936002254486084,0.2840893268585205,0.054659366607666016,0.5502500534057617,0.0990762710571289
160,93.91000000000001,91.46,93.77,93.34,95.64,91.415,94.33500000000001,93.57,0.6030778884887695,0.24666094779968262,1.8850839138031006,0.40105295181274414,0.2943284511566162,0.05301332473754883,0.5513739585876465,0.0994110107421875
161,93.78999999999999,91.63,94.28999999999999,91.32000000000001,94.99333333333333,91.745,94.88666666666667,91.76166666666667,0.6029412746429443,0.25288939476013184,1.8850035667419434,0.39272141456604004,0.2863481044769287,0.05859375,0.552515983581543,0.10541272163391113
162,93.32000000000001,91.53999999999999,90.56,92.46,94.37666666666667,91.92666666666666,91.54333333333334,92.535,0.6105780601501465,0.25259995460510254,1.8750085830688477,0.3931758403778076,0.2885701656341553,0.05192375183105469,0.5540413856506348,0.10022521018981934
163,93.61,91.46,94.06,93.05,94.91333333333334,91.74166666666666,94.93333333333334,93.07666666666667,0.6151425838470459,0.2468852996826172,1.8767797946929932,0.394850492477417,0.28080248832702637,0.05253243446350098,0.5514671802520752,0.10049128532409668
164,93.72,90.8,93.51,92.21000000000001,94.92166666666667,91.27833333333332,94.39666666666666,92.75166666666667,0.6162374019622803,0.24625110626220703,1.8669116497039795,0.3914179801940918,0.28965067863464355,0.051630258560180664,0.5448501110076904,0.09911465644836426
165,94.05,90.74,92.97999999999999,92.80000000000001,95.51666666666667,91.15666666666667,93.86,93.40666666666667,0.6135497093200684,0.24893546104431152,1.8748080730438232,0.39949941635131836,0.29166674613952637,0.05893111228942871,0.5410678386688232,0.09883809089660645
166,94.34,91.52,92.38,92.08,95.7,91.62833333333333,93.36666666666666,92.43166666666667,0.6051425933837891,0.2488100528717041,1.8646416664123535,0.3948984146118164,0.2940237522125244,0.051599740982055664,0.5412111282348633,0.10534214973449707
167,93.58,90.16,93.49,90.98,95.03833333333334,90.75333333333333,94.28,91.43666666666667,0.6035411357879639,0.24524712562561035,1.8786530494689941,0.39624929428100586,0.29395627975463867,0.07216048240661621,0.5481112003326416,0.10508251190185547
168,94.22,91.34,93.72,92.21000000000001,95.62,92.04,94.60499999999999,92.495,0.6182646751403809,0.2506258487701416,1.8633360862731934,0.38861703872680664,0.298994779586792,0.05227088928222656,0.5479695796966553,0.10502052307128906
169,93.72,90.67,93.62,91.38,94.94,90.82166666666667,94.30333333333333,91.95333333333333,0.5947980880737305,0.244842529296875,1.8653759956359863,0.40237855911254883,0.29244375228881836,0.052062273025512695,0.5502636432647705,0.10439777374267578
170,93.25,91.34,93.04,90.68,94.27666666666667,91.745,94.04166666666667,91.36999999999999,0.6000640392303467,0.24679875373840332,1.8752937316894531,0.3914468288421631,0.2863624095916748,0.05866408348083496,0.5359382629394531,0.10667991638183594
171,93.08999999999999,91.86,93.89999999999999,90.91,94.06833333333333,92.33333333333333,94.38333333333333,91.37333333333333,0.5986983776092529,0.26163625717163086,1.8776524066925049,0.39313364028930664,0.29201745986938477,0.05126523971557617,0.560044527053833,0.1047220230102539
172,93.78,90.45,93.22,92.94,94.82333333333334,91.17333333333333,94.155,93.81666666666668,0.6055436134338379,0.24181699752807617,1.8538191318511963,0.39450645446777344,0.28890538215637207,0.05220437049865723,0.535085916519165,0.10402417182922363
173,94.56,91.42,94.1,92.35,95.98166666666667,91.90166666666667,94.76,93.13,0.6005003452301025,0.24366474151611328,1.851597547531128,0.3950159549713135,0.28453636169433594,0.060357093811035156,0.5508079528808594,0.10312151908874512
174,94.61,91.14,93.16,90.9,95.64,91.91666666666667,93.88666666666666,91.66166666666666,0.5969123840332031,0.252333402633667,1.8830223083496094,0.38889241218566895,0.290480375289917,0.05587410926818848,0.538261890411377,0.10663843154907227
175,94.1,90.81,94.08999999999999,89.9,95.32333333333334,91.06,94.735,90.54666666666667,0.6126503944396973,0.24526143074035645,1.8561620712280273,0.3984553813934326,0.28277039527893066,0.06482553482055664,0.5474481582641602,0.09949207305908203
176,93.97,90.42,93.43,92.31,95.66,90.69333333333334,94.29333333333332,92.63833333333334,0.6025660037994385,0.24509167671203613,1.8747706413269043,0.3915066719055176,0.287921667098999,0.05220484733581543,0.5472373962402344,0.09965014457702637
177,93.87,91.05,93.72,92.78999999999999,95.0,91.45333333333333,94.52166666666668,93.37,0.5877082347869873,0.24473094940185547,1.8607439994812012,0.3905167579650879,0.29158735275268555,0.0562744140625,0.5442099571228027,0.09852910041809082
178,93.37,90.9,93.89,92.08,94.52833333333334,91.19166666666668,94.44,92.66499999999999,0.6001882553100586,0.24808526039123535,1.8586704730987549,0.3929789066314697,0.29386329650878906,0.05708789825439453,0.5401639938354492,0.09775328636169434
179,93.46,90.93,94.16,92.63,94.31,91.52666666666667,95.10833333333333,93.08,0.6449768543243408,0.24943017959594727,1.8748316764831543,0.39225220680236816,0.28830695152282715,0.05169558525085449,0.544165849685669,0.1001577377319336
180,93.58,91.7,93.84,91.77,94.66499999999999,92.08,94.695,91.975,0.6061604022979736,0.24388504028320312,1.8508176803588867,0.3915722370147705,0.283902645111084,0.05175447463989258,0.5371909141540527,0.09798312187194824
181,94.32000000000001,90.34,94.61,91.73,95.56166666666667,90.74,95.42500000000001,92.59666666666668,0.6102573871612549,0.24188804626464844,1.8542892932891846,0.39459872245788574,0.29255175590515137,0.0533442497253418,0.5691807270050049,0.09944844245910645
182,94.28,91.28,93.87,92.75999999999999,95.86666666666666,91.835,94.78999999999999,93.81166666666667,0.5978949069976807,0.24442267417907715,1.8536772727966309,0.39096975326538086,0.28795719146728516,0.051872968673706055,0.537402868270874,0.09882831573486328
183,94.1,89.86,93.95,90.9,95.63333333333334,90.46499999999999,94.72333333333334,91.825,0.5973119735717773,0.24469423294067383,1.8541467189788818,0.390150785446167,0.284914493560791,0.05162811279296875,0.5458855628967285,0.09896659851074219
184,93.87,91.16,93.47,92.63,95.41833333333334,91.38,94.00666666666667,93.41166666666668,0.6036546230316162,0.24248671531677246,1.8791508674621582,0.3878631591796875,0.29126477241516113,0.05164670944213867,0.5335965156555176,0.09764456748962402
185,92.47999999999999,91.5,94.01,91.97999999999999,94.07666666666667,91.81666666666666,94.95,92.71666666666667,0.5980463027954102,0.2449955940246582,1.850633144378662,0.3910219669342041,0.27764153480529785,0.0520169734954834,0.5521321296691895,0.09971880912780762
186,94.21000000000001,91.14999999999999,94.45,91.82000000000001,95.52333333333334,91.5,95.27333333333333,92.58833333333332,0.6076710224151611,0.2435474395751953,1.8766140937805176,0.3906524181365967,0.28563570976257324,0.051888227462768555,0.5440089702606201,0.10347771644592285
187,93.64,91.31,93.85,91.61,95.12666666666667,91.67833333333333,94.55166666666666,91.66333333333333,0.6056122779846191,0.24325847625732422,1.8721165657043457,0.396697998046875,0.29106998443603516,0.05166745185852051,0.5375082492828369,0.09836673736572266
188,93.38,89.23,92.93,92.57,94.61166666666668,89.70333333333333,93.61666666666667,93.26,0.6063456535339355,0.2444906234741211,1.8512523174285889,0.39415478706359863,0.2927725315093994,0.05176949501037598,0.5397922992706299,0.0996708869934082
189,93.78999999999999,91.03,93.94,91.96,94.98833333333333,91.61,94.78666666666666,92.44,0.6001865863800049,0.24364733695983887,1.87251615524292,0.3930816650390625,0.2900376319885254,0.050688743591308594,0.5463087558746338,0.09969305992126465
190,94.11,90.91,94.62,90.16,95.58166666666666,91.27499999999999,95.38166666666666,90.91,0.5980322360992432,0.23983192443847656,1.8560888767242432,0.3931136131286621,0.28800249099731445,0.051824331283569336,0.5362992286682129,0.10626864433288574
191,93.95,91.86,94.48,91.85,95.40666666666667,91.80333333333334,95.07666666666667,92.35833333333333,0.6054236888885498,0.24477553367614746,1.8443944454193115,0.3926968574523926,0.2894284725189209,0.052620649337768555,0.5342762470245361,0.09978199005126953
192,93.11,91.5,94.39999999999999,91.67999999999999,94.23,91.77333333333333,95.39,92.05,0.6143410205841064,0.2473766803741455,1.846158742904663,0.39270472526550293,0.2949330806732178,0.05288505554199219,0.5501053333282471,0.09931206703186035
193,93.84,89.22,92.62,91.05,95.08833333333332,89.62166666666667,93.84666666666666,91.66166666666666,0.5987033843994141,0.24421262741088867,1.8599879741668701,0.38853025436401367,0.2971682548522949,0.05033469200134277,0.5562512874603271,0.09998345375061035
194,93.25,90.71000000000001,93.85,92.0,94.61166666666668,91.435,94.79333333333332,92.66499999999999,0.6181485652923584,0.2432866096496582,1.8703505992889404,0.38852667808532715,0.2976679801940918,0.052103519439697266,0.5503561496734619,0.10459327697753906
195,94.19999999999999,91.69,94.04,93.47,95.355,92.23666666666666,94.67999999999999,94.22,0.613121509552002,0.2438037395477295,1.8632230758666992,0.3964521884918213,0.29100608825683594,0.051599979400634766,0.5546150207519531,0.09908938407897949
196,94.17,89.59,93.86,90.19,95.35833333333333,89.5,94.59833333333333,90.5,0.6170244216918945,0.246476411819458,1.8619163036346436,0.39023733139038086,0.3043839931488037,0.051024675369262695,0.5523803234100342,0.09899091720581055
197,94.35,91.79,93.87,91.75,95.59833333333333,91.98333333333333,94.81666666666668,92.16833333333334,0.603447437286377,0.2437610626220703,1.8514430522918701,0.38988184928894043,0.28766393661499023,0.05210423469543457,0.5410685539245605,0.09932255744934082
198,93.7,91.28,94.27,93.27,95.01166666666667,92.19833333333334,95.28333333333333,93.61666666666667,0.6141502857208252,0.24226737022399902,1.8475825786590576,0.3930845260620117,0.29167604446411133,0.0511174201965332,0.549691915512085,0.09851288795471191
199,94.26,91.71000000000001,93.11,92.64,95.35666666666667,92.045,94.02166666666668,92.79833333333333,0.5956387519836426,0.2422480583190918,1.8807289600372314,0.39286160469055176,0.2866673469543457,0.056439876556396484,0.5462362766265869,0.10033106803894043
200,94.48,92.41,93.45,92.97,95.59333333333333,92.84,94.50333333333333,93.59833333333333,0.6260964870452881,0.2437138557434082,1.867445945739746,0.39463305473327637,0.2952392101287842,0.05138254165649414,0.544748067855835,0.09922671318054199
201,93.31,91.4,93.22,92.81,94.87666666666667,91.99333333333334,94.47333333333333,93.19833333333334,0.6068470478057861,0.25109267234802246,1.8653843402862549,0.38994884490966797,0.28923463821411133,0.05160188674926758,0.5385823249816895,0.0974423885345459
202,94.39,90.71000000000001,93.89999999999999,92.64,95.50666666666666,91.01,94.94,93.13166666666667,0.6115007400512695,0.24863386154174805,1.856858730316162,0.38994765281677246,0.29274964332580566,0.05217576026916504,0.5415258407592773,0.09956765174865723
203,93.81,91.9,94.41000000000001,92.43,94.73333333333333,92.23666666666666,95.25,92.89166666666667,0.6192154884338379,0.24070239067077637,1.8695683479309082,0.39856958389282227,0.30700159072875977,0.05181288719177246,0.557945728302002,0.10515999794006348
204,94.25,89.82,93.14,91.86,95.77,90.09833333333333,94.415,92.19500000000001,0.6142709255218506,0.24485135078430176,1.8538875579833984,0.38893866539001465,0.29052138328552246,0.05229592323303223,0.5563971996307373,0.10741758346557617
205,93.71000000000001,90.84,93.97999999999999,92.16,94.75833333333334,91.02666666666667,94.92666666666668,92.97833333333332,0.6067943572998047,0.2443711757659912,1.8470122814178467,0.3897559642791748,0.2942013740539551,0.05210542678833008,0.5437371730804443,0.09807109832763672
206,93.43,90.99000000000001,93.43,91.45,94.755,91.42666666666666,94.26333333333334,92.13333333333334,0.6109046936035156,0.23982787132263184,1.8595926761627197,0.38919925689697266,0.289966344833374,0.05255842208862305,0.5414040088653564,0.10024738311767578
207,94.01,91.73,93.96,92.57,95.43666666666667,92.295,94.78666666666666,93.03666666666666,0.6062633991241455,0.24437260627746582,1.8426129817962646,0.38940906524658203,0.29246068000793457,0.05215716361999512,0.5488576889038086,0.10025548934936523
208,94.42,90.96,93.58,89.16,95.80333333333333,91.53166666666667,94.66,90.12333333333333,0.6057233810424805,0.26691746711730957,1.844372034072876,0.3880462646484375,0.2905921936035156,0.05181407928466797,0.5446488857269287,0.10893940925598145
209,93.52000000000001,91.47,93.97999999999999,91.07,94.86166666666666,91.83,95.33166666666666,91.91,0.5966141223907471,0.2457442283630371,1.8534746170043945,0.3895084857940674,0.29006290435791016,0.05183577537536621,0.5478880405426025,0.10453176498413086
210,93.12,90.27,93.67999999999999,92.05,94.56166666666667,90.66833333333332,94.54833333333333,92.30666666666667,0.6027665138244629,0.24277329444885254,1.8527629375457764,0.3879375457763672,0.2891504764556885,0.051756858825683594,0.5384504795074463,0.10442185401916504
211,92.92,91.10000000000001,93.45,90.83,94.78833333333333,91.32666666666667,94.45333333333333,91.57499999999999,0.5973751544952393,0.2483222484588623,1.8588926792144775,0.3906986713409424,0.28113865852355957,0.051518917083740234,0.554203987121582,0.10692715644836426
212,93.97999999999999,91.14,93.57,93.13,95.54333333333334,91.675,94.44166666666666,93.39166666666667,0.6090185642242432,0.24696016311645508,1.857499599456787,0.40079593658447266,0.2848036289215088,0.05191826820373535,0.558908224105835,0.1102144718170166
213,93.97,91.47,94.28999999999999,92.54,95.48666666666666,91.44333333333333,94.99166666666666,93.11,0.592693567276001,0.2500474452972412,1.8469898700714111,0.3954286575317383,0.29040026664733887,0.05148172378540039,0.5577929019927979,0.10020995140075684
214,94.24,91.89,93.97,91.03999999999999,95.645,91.47666666666666,95.38333333333333,92.05666666666666,0.6049466133117676,0.24413633346557617,1.8548939228057861,0.39251708984375,0.2868306636810303,0.051908016204833984,0.5523264408111572,0.09867477416992188
215,94.35,90.19,94.31,91.53,95.95,90.48833333333334,95.22666666666667,92.365,0.6114280223846436,0.2506382465362549,1.8518295288085938,0.38971519470214844,0.2889726161956787,0.05252432823181152,0.536041259765625,0.09820556640625
216,92.58,91.14,94.25,91.97999999999999,93.58999999999999,91.34,94.78999999999999,92.70833333333334,0.6137399673461914,0.24391722679138184,1.8422820568084717,0.403794527053833,0.28922438621520996,0.051865577697753906,0.5498864650726318,0.09967327117919922
217,94.78999999999999,88.6,93.4,91.97,95.97166666666666,89.36666666666667,94.15666666666667,92.905,0.6038849353790283,0.2478182315826416,1.865729570388794,0.3908960819244385,0.28981566429138184,0.05094099044799805,0.5440456867218018,0.09967303276062012
218,93.61,91.46,93.35,91.53999999999999,95.255,91.71666666666667,94.39666666666666,92.13166666666666,0.5993807315826416,0.24388456344604492,1.8488953113555908,0.39127492904663086,0.2873497009277344,0.05119800567626953,0.552966833114624,0.09841585159301758
219,93.57,90.84,94.76,92.03,94.925,91.33,95.515,92.50666666666667,0.5854566097259521,0.24802494049072266,1.8558323383331299,0.38950133323669434,0.2842586040496826,0.05174827575683594,0.54833984375,0.09986305236816406
220,92.91,91.34,94.17,90.52,94.17333333333333,91.46666666666667,94.96666666666667,90.805,0.5968525409698486,0.24470210075378418,1.844506025314331,0.3913722038269043,0.2971670627593994,0.052213430404663086,0.5369172096252441,0.09927964210510254
221,93.37,91.25,93.41000000000001,91.64999999999999,95.005,91.53333333333333,94.285,91.55666666666666,0.5966017246246338,0.24376535415649414,1.8564963340759277,0.39017486572265625,0.2995760440826416,0.051314353942871094,0.5476655960083008,0.09820055961608887
222,94.01,91.63,93.77,90.86,95.55833333333334,91.76333333333334,94.1,91.36166666666666,0.603611946105957,0.24300003051757812,1.85652494430542,0.3966810703277588,0.2875690460205078,0.051909446716308594,0.5538666248321533,0.09788799285888672
223,93.88,91.72,94.57,92.17999999999999,95.57666666666667,92.13333333333334,95.21666666666667,92.64833333333333,0.6036267280578613,0.24773025512695312,1.8891935348510742,0.38754892349243164,0.29819202423095703,0.05249190330505371,0.5432107448577881,0.10184955596923828
224,93.89,90.82000000000001,93.17999999999999,92.32000000000001,95.67833333333333,91.11,94.30833333333334,92.47166666666666,0.6148064136505127,0.24169611930847168,1.8666400909423828,0.38932323455810547,0.29504847526550293,0.051901817321777344,0.5533185005187988,0.09857821464538574
225,94.1,90.01,94.34,92.95,95.68666666666667,90.92,95.03833333333334,93.26833333333333,0.6017599105834961,0.24727368354797363,1.8652393817901611,0.3895587921142578,0.28479981422424316,0.05174112319946289,0.5472710132598877,0.10311245918273926
226,93.94,92.06,93.84,92.67,95.31500000000001,92.02833333333334,94.60166666666666,93.38,0.6029303073883057,0.24872255325317383,1.851884365081787,0.39005327224731445,0.2971794605255127,0.05184507369995117,0.5440022945404053,0.10081934928894043
227,94.36,91.91,94.17,92.12,95.73833333333333,91.84833333333333,95.08166666666666,92.51333333333334,0.6092824935913086,0.2441391944885254,1.8505299091339111,0.3910040855407715,0.29862403869628906,0.05168890953063965,0.5464162826538086,0.10097312927246094
228,92.62,91.88,93.52000000000001,92.86,94.08166666666666,91.855,94.52833333333334,93.49499999999999,0.6111090183258057,0.24761056900024414,1.8451645374298096,0.39254236221313477,0.2884812355041504,0.05227828025817871,0.5448594093322754,0.11136698722839355
229,93.84,91.60000000000001,93.49,92.13,95.515,91.53333333333333,94.25333333333333,92.73166666666667,0.6022660732269287,0.24468660354614258,1.8466017246246338,0.3919990062713623,0.28956127166748047,0.05254101753234863,0.5546462535858154,0.09810900688171387
230,93.32000000000001,91.21000000000001,93.56,92.71000000000001,95.12333333333333,91.69666666666667,94.34,93.035,0.5953009128570557,0.2447514533996582,1.8486268520355225,0.3984189033508301,0.294872522354126,0.05173206329345703,0.5667974948883057,0.09991955757141113
231,93.8,90.53,93.81,92.33,95.30666666666666,91.06166666666667,94.86,92.585,0.5966553688049316,0.24619436264038086,1.8562204837799072,0.3939788341522217,0.30254578590393066,0.05132865905761719,0.5485968589782715,0.10503911972045898
232,93.8,91.52,94.82000000000001,91.07,95.21166666666666,92.015,95.81666666666668,91.525,0.6161537170410156,0.24611568450927734,1.8471887111663818,0.39200353622436523,0.28417348861694336,0.0513153076171875,0.5493817329406738,0.10193777084350586
233,93.10000000000001,89.62,93.21000000000001,92.17,94.72666666666667,89.995,93.975,92.62333333333333,0.6041295528411865,0.24854302406311035,1.8568079471588135,0.39013004302978516,0.30732250213623047,0.050621747970581055,0.5459692478179932,0.10326576232910156
234,94.07,91.56,93.94,92.73,95.43,91.705,94.815,93.11500000000001,0.6227273941040039,0.24157500267028809,1.8644027709960938,0.392742395401001,0.29132628440856934,0.05230236053466797,0.5434441566467285,0.09945940971374512
235,92.88,90.38000000000001,93.89999999999999,90.45,94.29333333333332,90.94,94.96833333333333,91.435,0.6046769618988037,0.24752283096313477,1.8728446960449219,0.3896982669830322,0.29427289962768555,0.06456828117370605,0.5501613616943359,0.10660004615783691
236,94.02000000000001,91.28,94.06,91.10000000000001,95.43833333333333,91.33833333333334,95.36333333333333,91.53333333333333,0.6070661544799805,0.25722169876098633,1.8512036800384521,0.3913397789001465,0.2838602066040039,0.051923274993896484,0.5430088043212891,0.09908652305603027
237,94.49,89.5,93.89,92.31,95.67166666666667,90.05166666666666,94.82000000000001,92.75666666666666,0.6020488739013672,0.2445821762084961,1.8563332557678223,0.389362096786499,0.2971324920654297,0.05185985565185547,0.5506463050842285,0.10676956176757812
238,93.21000000000001,90.14999999999999,93.97,92.65,94.53,90.37833333333334,95.01333333333334,92.945,0.6219251155853271,0.24505114555358887,1.846613883972168,0.3892972469329834,0.29029417037963867,0.057120561599731445,0.5412187576293945,0.09860420227050781
239,93.4,91.28,93.53,92.4,94.66499999999999,91.55,94.57,92.86666666666666,0.6010439395904541,0.2454078197479248,1.891186237335205,0.3874385356903076,0.28258228302001953,0.052198171615600586,0.5575470924377441,0.09908080101013184
240,94.01,89.74,93.34,91.88,95.48333333333333,90.74833333333333,94.23833333333333,92.42166666666667,0.605135440826416,0.24663853645324707,1.849125623703003,0.3924269676208496,0.27991652488708496,0.05176210403442383,0.5556144714355469,0.09866189956665039
241,94.12,91.03999999999999,94.07,92.33,95.475,91.68333333333332,95.10833333333333,92.68333333333332,0.5917384624481201,0.24395322799682617,1.8484721183776855,0.3885996341705322,0.28356361389160156,0.0524294376373291,0.5540664196014404,0.1074061393737793
242,93.97999999999999,91.86999999999999,93.84,92.49000000000001,95.595,92.65,94.94,92.83833333333334,0.6118638515472412,0.2396714687347412,1.8562874794006348,0.39501190185546875,0.2924795150756836,0.05668044090270996,0.5400798320770264,0.10384702682495117
243,94.33,91.96,93.24,88.72,95.72833333333334,92.04833333333333,93.97833333333332,89.19,0.5996394157409668,0.24697017669677734,1.8550209999084473,0.39444899559020996,0.2936587333679199,0.05156135559082031,0.5442883968353271,0.10631871223449707
244,93.91000000000001,91.23,93.78,93.03,95.515,91.48166666666665,94.88833333333334,93.535,0.6043603420257568,0.24618196487426758,1.8483810424804688,0.3901200294494629,0.2935013771057129,0.051930904388427734,0.5405013561248779,0.10948061943054199
245,93.86,90.79,94.28,92.43,94.81833333333334,91.35833333333333,95.10166666666666,93.04333333333334,0.5980980396270752,0.24357080459594727,1.860656976699829,0.3937718868255615,0.29701828956604004,0.05211019515991211,0.5413062572479248,0.09906554222106934
246,94.04,92.04,93.8,91.88,95.625,92.71166666666667,94.61500000000001,92.81166666666667,0.6076881885528564,0.2416095733642578,1.8380253314971924,0.3925354480743408,0.301433801651001,0.052496910095214844,0.5448360443115234,0.10425329208374023
247,94.47,90.91,93.97999999999999,92.47,95.545,91.07166666666666,95.02333333333334,92.82333333333334,0.6035523414611816,0.24338603019714355,1.8515625,0.39115047454833984,0.2873678207397461,0.06174659729003906,0.5406177043914795,0.10772061347961426
248,94.35,91.51,94.28999999999999,92.71000000000001,96.0,91.77,94.91666666666667,93.34333333333333,0.6188113689422607,0.252514123916626,1.8393757343292236,0.39270591735839844,0.2924821376800537,0.051245689392089844,0.5461320877075195,0.10814046859741211
249,94.07,90.52,94.08999999999999,93.78999999999999,95.955,91.17166666666667,94.95,94.11,0.5993633270263672,0.24339532852172852,1.8320672512054443,0.38896942138671875,0.29071855545043945,0.05675959587097168,0.552741527557373,0.10563135147094727
250,93.53,90.16999999999999,94.03,93.4,94.985,90.645,94.72,93.82000000000001,0.5980372428894043,0.24462294578552246,1.8491466045379639,0.38973164558410645,0.2907736301422119,0.051227569580078125,0.540473461151123,0.10467720031738281
251,93.54,91.66,93.82000000000001,92.64,94.65833333333333,92.135,94.88333333333333,93.41166666666668,0.614210844039917,0.24425363540649414,1.8503925800323486,0.3900413513183594,0.28917717933654785,0.05145859718322754,0.540215253829956,0.10007977485656738
252,93.2,90.73,94.33,92.52,95.05,91.43666666666667,95.17,93.23,0.6025738716125488,0.24641823768615723,1.8465931415557861,0.3921043872833252,0.2984609603881836,0.05165576934814453,0.5381648540496826,0.10957479476928711
253,93.67,89.92,92.92,91.84,95.09166666666667,90.04166666666666,93.85,92.265,0.6072280406951904,0.24377775192260742,1.857814073562622,0.38906121253967285,0.292769193649292,0.05171322822570801,0.5426242351531982,0.12391304969787598
254,94.1,91.38,94.12,91.99000000000001,95.54,91.67666666666666,94.83166666666666,92.875,0.5882017612457275,0.24417495727539062,1.8397855758666992,0.39273595809936523,0.30037593841552734,0.05088996887207031,0.5504329204559326,0.09895730018615723
255,93.89999999999999,90.98,93.34,91.11,95.54333333333334,91.15333333333334,94.07666666666667,92.09833333333334,0.6054234504699707,0.24275827407836914,1.8499886989593506,0.3933100700378418,0.28960442543029785,0.0522308349609375,0.5508842468261719,0.10769939422607422
256,94.49,91.66,94.08999999999999,92.24,95.82000000000001,92.28166666666667,94.95666666666666,92.95,0.6035139560699463,0.24574613571166992,1.8275036811828613,0.3899343013763428,0.29397010803222656,0.05184221267700195,0.5387215614318848,0.1005558967590332
257,94.32000000000001,91.12,93.89999999999999,92.80000000000001,95.67,91.70333333333333,94.98833333333333,93.22833333333334,0.5977187156677246,0.24933576583862305,1.8381705284118652,0.38926124572753906,0.298872709274292,0.05177760124206543,0.548306941986084,0.10508203506469727
258,93.16,91.59,94.19999999999999,91.3,94.53166666666667,91.75,94.90333333333332,91.88833333333334,0.5942060947418213,0.24403142929077148,1.849987268447876,0.3896310329437256,0.3028426170349121,0.05145573616027832,0.5399365425109863,0.09908175468444824
259,94.15,91.33,93.77,92.75,95.95333333333333,91.69500000000001,94.46833333333333,93.59333333333333,0.610703706741333,0.2465524673461914,1.83579421043396,0.38887667655944824,0.28661155700683594,0.05171823501586914,0.5394959449768066,0.10216140747070312
260,94.3,90.74,93.37,92.25999999999999,95.82000000000001,90.98833333333334,94.48833333333333,92.80666666666667,0.6156048774719238,0.2469334602355957,1.8402268886566162,0.39506030082702637,0.3038506507873535,0.05946683883666992,0.5499515533447266,0.10476922988891602
261,92.82000000000001,90.9,92.65,92.84,94.61166666666668,91.53333333333333,93.675,93.67666666666666,0.6020486354827881,0.24378228187561035,1.8644459247589111,0.3929474353790283,0.30108141899108887,0.05989336967468262,0.5480241775512695,0.09871673583984375
262,93.82000000000001,90.81,93.85,91.99000000000001,95.195,91.32666666666667,94.90166666666666,92.50833333333334,0.6088662147521973,0.24317073822021484,1.8321714401245117,0.38963747024536133,0.2892158031463623,0.05761241912841797,0.5498507022857666,0.10457134246826172
263,93.66,92.47,93.91000000000001,92.11,95.015,92.94833333333334,94.74000000000001,92.77666666666666,0.6010050773620605,0.2484130859375,1.850332260131836,0.3884415626525879,0.2890505790710449,0.05835366249084473,0.5631105899810791,0.10088729858398438
264,93.89,91.93,94.05,91.92,95.095,92.46666666666667,95.03666666666668,92.69500000000001,0.6070318222045898,0.24349379539489746,1.8446130752563477,0.3898930549621582,0.2963829040527344,0.05263400077819824,0.5392999649047852,0.1014089584350586
265,94.17,91.36,94.0,92.22,95.72500000000001,91.71166666666667,94.73333333333333,92.71833333333333,0.6032013893127441,0.24648809432983398,1.8604004383087158,0.3933827877044678,0.2901284694671631,0.05217766761779785,0.5431861877441406,0.10481739044189453
266,93.08999999999999,92.12,93.2,91.92,94.75333333333333,92.40833333333333,94.26166666666667,92.87333333333333,0.597876787185669,0.2410581111907959,1.8452084064483643,0.39578914642333984,0.28922390937805176,0.05701279640197754,0.5491032600402832,0.09885287284851074
267,94.33,91.94,93.95,92.24,95.96166666666667,92.17999999999999,94.8,92.88166666666666,0.6075241565704346,0.2503795623779297,1.8497087955474854,0.3920300006866455,0.2935357093811035,0.05200791358947754,0.545485258102417,0.10026025772094727
268,94.0,92.22,93.45,90.72,95.40166666666666,92.59166666666667,94.475,90.94666666666666,0.6056878566741943,0.2438366413116455,1.8633911609649658,0.38793301582336426,0.2816438674926758,0.05214357376098633,0.5403923988342285,0.10345983505249023
269,93.99,92.10000000000001,94.5,93.23,95.455,92.175,95.185,94.125,0.6093528270721436,0.24370789527893066,1.840949296951294,0.38918495178222656,0.2964000701904297,0.05151534080505371,0.5368576049804688,0.10259652137756348
270,94.26,90.95,93.45,91.99000000000001,95.955,91.57,94.02666666666667,92.48333333333333,0.6084794998168945,0.2438809871673584,1.85481595993042,0.3905661106109619,0.295696496963501,0.05216550827026367,0.5423176288604736,0.10491800308227539
271,94.03,91.75999999999999,94.04,89.44,95.6,92.01166666666667,95.06333333333333,89.645,0.6061728000640869,0.2430894374847412,1.8430202007293701,0.39105820655822754,0.29706645011901855,0.05825996398925781,0.5566849708557129,0.10027718544006348
272,94.39,90.63,93.49,91.60000000000001,95.755,90.66333333333333,94.41666666666667,92.20166666666667,0.6004688739776611,0.24482226371765137,1.8507568836212158,0.3905045986175537,0.29438066482543945,0.05143880844116211,0.5372302532196045,0.10658502578735352
273,94.22,89.92,93.8,92.82000000000001,95.48166666666667,90.13333333333333,94.93,93.55166666666666,0.6104297637939453,0.24223709106445312,1.8695697784423828,0.39258337020874023,0.28787779808044434,0.05278491973876953,0.5527791976928711,0.10550260543823242
274,94.11,91.8,93.53,92.33,95.42333333333333,92.11666666666667,94.51,93.01166666666667,0.5967905521392822,0.24343514442443848,1.8388683795928955,0.38690924644470215,0.2973928451538086,0.05243539810180664,0.5319366455078125,0.10357475280761719
275,93.91000000000001,91.8,94.75,92.95,94.95833333333333,91.58833333333334,95.33333333333334,93.55833333333334,0.6221470832824707,0.24771380424499512,1.8423736095428467,0.39992547035217285,0.3033292293548584,0.05189990997314453,0.5336964130401611,0.0990300178527832
276,93.28999999999999,89.86,93.97,93.12,94.45666666666666,90.095,95.06166666666667,93.81,0.6120624542236328,0.24440217018127441,1.8520839214324951,0.39639806747436523,0.2931990623474121,0.051192283630371094,0.546917200088501,0.0992727279663086
277,93.17999999999999,90.92,93.97999999999999,92.23,94.29666666666667,91.25,94.85666666666667,92.74333333333334,0.6051204204559326,0.2462928295135498,1.8401696681976318,0.38735103607177734,0.2927083969116211,0.05770301818847656,0.5444984436035156,0.09964466094970703
278,93.36,91.4,94.07,92.34,94.67333333333333,91.52166666666666,95.23333333333333,92.31,0.6068203449249268,0.24218463897705078,1.8520827293395996,0.39009642601013184,0.29299473762512207,0.05260586738586426,0.540198564529419,0.0989985466003418
279,93.85,90.5,93.67999999999999,91.57,95.27666666666667,90.85666666666667,94.90166666666666,92.38333333333333,0.5999164581298828,0.24237489700317383,1.8469526767730713,0.38560032844543457,0.2780952453613281,0.05224156379699707,0.538095235824585,0.09901285171508789
280,94.56,90.69,93.47999999999999,92.82000000000001,96.03166666666667,90.75833333333333,94.455,93.66666666666667,0.5934934616088867,0.2521214485168457,1.8240158557891846,0.39009666442871094,0.28786420822143555,0.05189180374145508,0.5515756607055664,0.10088372230529785
281,94.38,91.14,93.92,91.69,95.57833333333333,91.32000000000001,94.90666666666667,92.47666666666666,0.5987801551818848,0.24570727348327637,1.8549561500549316,0.38688135147094727,0.2898886203765869,0.059293270111083984,0.5392584800720215,0.09904217720031738
282,94.08,92.86999999999999,94.01,92.30000000000001,95.46666666666667,92.92333333333333,94.67,92.99166666666666,0.5994231700897217,0.24686741828918457,1.8464791774749756,0.39369726181030273,0.2838256359100342,0.052579641342163086,0.5568482875823975,0.09840989112854004
283,94.15,92.34,94.32000000000001,91.18,95.64,92.24,95.295,91.96,0.5828125476837158,0.24193859100341797,1.8376519680023193,0.3914601802825928,0.29462385177612305,0.05172109603881836,0.5456500053405762,0.10037803649902344
284,93.64,91.23,93.11,92.92,95.22333333333334,91.34166666666667,94.53,93.32000000000001,0.5947322845458984,0.24509716033935547,1.8554682731628418,0.39076995849609375,0.29356932640075684,0.05772280693054199,0.5391108989715576,0.11001181602478027
285,93.91000000000001,91.82000000000001,93.83,92.39,95.65166666666667,92.45166666666667,94.91666666666667,92.99166666666666,0.6052896976470947,0.2510862350463867,1.8582825660705566,0.3910520076751709,0.2945418357849121,0.05947113037109375,0.5455198287963867,0.0995173454284668
286,93.82000000000001,91.83,94.03,90.56,95.27,92.105,95.26166666666667,90.75333333333333,0.5918481349945068,0.2442781925201416,1.8469414710998535,0.38888096809387207,0.2935519218444824,0.05234122276306152,0.5512495040893555,0.09964942932128906
287,93.69,91.16,94.37,92.10000000000001,94.955,91.75333333333333,95.415,92.76333333333334,0.6029629707336426,0.24836277961730957,1.8398089408874512,0.3924281597137451,0.29418087005615234,0.051564931869506836,0.5378506183624268,0.09775567054748535
288,94.23,90.75,93.75,92.24,95.41833333333334,91.26833333333333,94.76166666666667,92.79833333333333,0.6059088706970215,0.2466437816619873,1.8563733100891113,0.393221378326416,0.29805493354797363,0.05289030075073242,0.5489110946655273,0.0989217758178711
289,93.55,91.45,92.17999999999999,91.42,94.6,91.71333333333334,93.00666666666667,92.11166666666666,0.6194009780883789,0.24367475509643555,1.8534197807312012,0.39306211471557617,0.2848982810974121,0.061304569244384766,0.5556008815765381,0.10051870346069336
290,93.89999999999999,91.52,94.57,92.74,95.5,91.77166666666666,95.505,93.43666666666667,0.6019256114959717,0.2450551986694336,1.839113712310791,0.38925957679748535,0.28600335121154785,0.052419185638427734,0.5430128574371338,0.09827661514282227
291,94.38,91.32000000000001,94.13,90.46,95.59333333333333,91.41166666666666,94.99499999999999,91.06666666666666,0.603485107421875,0.24260616302490234,1.8314051628112793,0.392932653427124,0.28542399406433105,0.052669525146484375,0.5433111190795898,0.09857869148254395
292,94.28,91.75999999999999,94.12,92.52,95.19833333333332,92.325,94.83,93.30666666666667,0.6080994606018066,0.24146604537963867,1.8385238647460938,0.38928818702697754,0.29323363304138184,0.05188560485839844,0.5672879219055176,0.10001802444458008
293,93.92,92.01,92.88,92.91,95.35333333333334,92.02333333333334,93.74666666666667,93.64166666666667,0.611130952835083,0.24712014198303223,1.8614373207092285,0.3898124694824219,0.2927525043487549,0.05315995216369629,0.570932149887085,0.09907126426696777
294,94.17999999999999,90.75999999999999,94.31,91.35,95.30833333333332,90.65333333333334,95.1,91.97666666666666,0.6091246604919434,0.24803829193115234,1.8509178161621094,0.39282965660095215,0.2871870994567871,0.05226588249206543,0.5503466129302979,0.10034656524658203
295,93.39,90.66,94.19999999999999,90.93,94.82166666666667,90.69666666666667,94.87833333333333,91.48666666666668,0.6102180480957031,0.24460530281066895,1.8419814109802246,0.3919389247894287,0.28958940505981445,0.051753997802734375,0.5577540397644043,0.09931778907775879
296,93.77,91.63,93.21000000000001,93.23,95.22166666666666,91.60833333333333,94.24666666666667,93.52166666666668,0.59511399269104,0.24221086502075195,1.8275887966156006,0.387864351272583,0.2907085418701172,0.05375242233276367,0.5542197227478027,0.0984334945678711
297,94.08999999999999,92.02,93.55,92.60000000000001,95.60333333333332,92.425,94.675,93.105,0.6130857467651367,0.2464885711669922,1.8339159488677979,0.3919060230255127,0.29625821113586426,0.05219531059265137,0.5455465316772461,0.09839987754821777
298,94.3,91.71000000000001,93.63,92.25999999999999,95.98333333333333,92.12833333333333,94.82166666666667,92.78833333333333,0.6115667819976807,0.24354028701782227,1.8459844589233398,0.3899836540222168,0.29041385650634766,0.05183219909667969,0.5453338623046875,0.09984803199768066
299,93.86,90.91,94.58,92.74,95.19166666666666,91.64999999999999,95.41,93.44166666666666,0.6026525497436523,0.24272561073303223,1.849149465560913,0.3897731304168701,0.29416751861572266,0.05197954177856445,0.5393896102905273,0.09921121597290039
300,94.07,90.01,92.91,92.34,95.16333333333333,90.125,93.85833333333333,92.88499999999999,0.5997059345245361,0.2518324851989746,1.8340370655059814,0.39184117317199707,0.2961702346801758,0.0524449348449707,0.5431902408599854,0.09955167770385742
301,94.22,90.19,93.28999999999999,91.58,95.38166666666666,91.05166666666666,94.475,92.27666666666666,0.6022183895111084,0.24499106407165527,1.8716537952423096,0.38936853408813477,0.29647040367126465,0.05189251899719238,0.5280981063842773,0.0989222526550293
302,94.08999999999999,91.07,94.46,93.10000000000001,95.32833333333333,91.325,95.26333333333334,93.365,0.6028482913970947,0.24790549278259277,1.8358345031738281,0.3883950710296631,0.2871711254119873,0.05215334892272949,0.5406301021575928,0.09864950180053711
303,94.3,90.75999999999999,93.53,92.22,95.56,91.33333333333333,94.59166666666667,92.60166666666667,0.6106340885162354,0.2448740005493164,1.850346565246582,0.3917701244354248,0.29096174240112305,0.05252838134765625,0.5517082214355469,0.09909701347351074
304,94.04,91.5,94.28,92.45,95.48666666666666,91.92666666666666,95.17,93.14833333333333,0.6024339199066162,0.24626493453979492,1.8436806201934814,0.38869214057922363,0.288909912109375,0.05485057830810547,0.5470843315124512,0.09854412078857422
305,94.6,90.16,94.72,92.2,96.14833333333334,90.79166666666667,95.69166666666666,92.935,0.6027734279632568,0.2495896816253662,1.8455655574798584,0.3900606632232666,0.28900885581970215,0.05170893669128418,0.546884298324585,0.0992422103881836
306,94.8,90.99000000000001,94.55,93.45,95.96666666666667,91.74833333333333,95.43166666666667,94.015,0.6057064533233643,0.2444319725036621,1.8514964580535889,0.38945794105529785,0.28955721855163574,0.05219292640686035,0.5634925365447998,0.0991520881652832
307,94.31,91.14999999999999,93.97999999999999,92.51,95.165,91.17333333333333,94.79833333333333,93.34333333333333,0.6005349159240723,0.24709486961364746,1.8526594638824463,0.3903055191040039,0.289600133895874,0.05186939239501953,0.5419580936431885,0.10010337829589844
308,94.88,92.03,94.53,92.39,95.98833333333333,91.89166666666667,95.25833333333334,93.39166666666667,0.5945990085601807,0.24538397789001465,1.8531367778778076,0.39299941062927246,0.2873849868774414,0.05178976058959961,0.5590708255767822,0.1047353744506836
309,94.11,91.10000000000001,93.89,91.44,95.145,91.525,94.73166666666667,91.39166666666667,0.5876703262329102,0.24533581733703613,1.862619400024414,0.3956477642059326,0.29370617866516113,0.051355600357055664,0.5485348701477051,0.10008668899536133
310,94.21000000000001,90.86999999999999,94.02000000000001,91.45,95.56166666666667,91.52666666666667,94.83666666666667,92.06,0.598142147064209,0.24529123306274414,1.8581182956695557,0.39101314544677734,0.2940053939819336,0.05792045593261719,0.5468158721923828,0.10793352127075195
311,94.55,91.43,94.31,92.52,95.73166666666667,91.96666666666667,95.11666666666667,92.76833333333333,0.6007928848266602,0.24535512924194336,1.848724126815796,0.39083075523376465,0.2905128002166748,0.051656246185302734,0.5478651523590088,0.09930729866027832
312,93.99,90.78,93.74,92.31,95.47333333333333,91.21166666666667,94.71833333333333,93.09833333333334,0.6106770038604736,0.2434377670288086,1.851396083831787,0.39622044563293457,0.30100083351135254,0.053705692291259766,0.5466077327728271,0.10577797889709473
313,92.96,91.44,93.97,92.64,94.47833333333332,91.52333333333334,94.55833333333334,93.38333333333333,0.604668140411377,0.24469304084777832,1.8770275115966797,0.3893561363220215,0.29146313667297363,0.0546720027923584,0.550710916519165,0.1006319522857666
314,93.7,92.24,94.65,93.65,95.35166666666667,92.61,95.50833333333333,93.99333333333333,0.5971958637237549,0.24288177490234375,1.8515217304229736,0.3935554027557373,0.2942938804626465,0.05230140686035156,0.5440590381622314,0.100250244140625
315,93.89999999999999,87.94,92.86999999999999,92.56,95.30166666666666,88.47833333333334,93.545,92.93333333333334,0.5912594795227051,0.24368071556091309,1.8509631156921387,0.3931770324707031,0.3036341667175293,0.05128121376037598,0.543123722076416,0.10114121437072754
316,93.16,90.45,93.7,93.02,94.60666666666665,90.86333333333333,94.59,93.49499999999999,0.6218018531799316,0.2454218864440918,1.8514912128448486,0.392240047454834,0.29716920852661133,0.06426715850830078,0.5466182231903076,0.1021127700805664
317,94.49,91.67,94.24,92.30000000000001,95.53666666666668,92.06833333333333,95.17666666666666,92.77,0.5852420330047607,0.24320077896118164,1.8548650741577148,0.38855910301208496,0.29970598220825195,0.05255270004272461,0.5632781982421875,0.10796332359313965
318,93.93,91.18,94.35,91.51,95.57,91.71666666666667,95.04833333333333,92.13666666666667,0.6152329444885254,0.24448251724243164,1.833972692489624,0.3894846439361572,0.3029811382293701,0.05569791793823242,0.548640251159668,0.10394430160522461
319,94.55,90.59,93.5,92.91,95.88833333333334,90.72166666666666,94.50166666666667,93.37833333333333,0.6275403499603271,0.24631357192993164,1.8439605236053467,0.38879895210266113,0.28725266456604004,0.052599191665649414,0.5446093082427979,0.11310744285583496
320,93.83,91.35,93.57,91.39,95.52000000000001,91.86333333333333,94.20333333333333,91.49000000000001,0.6210236549377441,0.25008606910705566,1.8570787906646729,0.3898131847381592,0.29500484466552734,0.051889896392822266,0.5524735450744629,0.10246133804321289
321,94.23,91.25,93.74,93.56,95.72,91.85333333333332,94.54333333333334,94.07666666666667,0.6087527275085449,0.24677181243896484,1.8463146686553955,0.3888554573059082,0.28470563888549805,0.0521848201751709,0.5481088161468506,0.10181832313537598
322,94.57,91.19,93.95,92.11,95.61833333333334,91.415,94.93333333333334,92.59666666666668,0.6111307144165039,0.24781227111816406,1.8408203125,0.39127206802368164,0.2987954616546631,0.05141186714172363,0.5518679618835449,0.10544419288635254
323,93.4,90.94,94.23,92.07,94.61666666666667,90.875,95.10666666666665,92.62833333333333,0.601170539855957,0.24224638938903809,1.8514776229858398,0.395688533782959,0.30139589309692383,0.05315423011779785,0.5345780849456787,0.10482025146484375
324,94.39999999999999,90.36,94.42,92.43,95.77666666666667,90.63666666666667,95.09833333333333,93.08999999999999,0.6142745018005371,0.2428450584411621,1.8542590141296387,0.3878977298736572,0.290241003036499,0.06200766563415527,0.5413014888763428,0.10000920295715332
325,93.89,91.2,94.3,93.11,95.30499999999999,91.545,95.41833333333334,93.605,0.6024675369262695,0.24962186813354492,1.8411064147949219,0.3890719413757324,0.28959226608276367,0.051720380783081055,0.5428497791290283,0.10647177696228027
326,93.02,91.43,94.19,92.58999999999999,94.34,91.68166666666666,95.13333333333334,92.7,0.5997700691223145,0.2437610626220703,1.844571828842163,0.39055871963500977,0.2889859676361084,0.06770610809326172,0.5478429794311523,0.10753059387207031
327,93.15,91.12,94.17,93.13,94.705,91.68333333333332,94.935,93.69,0.6094925403594971,0.25542712211608887,1.8364856243133545,0.3920440673828125,0.2978549003601074,0.05245065689086914,0.5308802127838135,0.10406017303466797
328,93.97,91.5,94.63000000000001,92.60000000000001,95.28833333333333,91.83666666666667,95.28166666666667,93.05499999999999,0.6156253814697266,0.24328207969665527,1.826812744140625,0.3932335376739502,0.3005349636077881,0.05778956413269043,0.539675235748291,0.10682845115661621
329,94.69999999999999,91.02,94.47,92.63,96.15333333333334,91.08500000000001,94.94333333333333,93.08833333333332,0.5978691577911377,0.24697136878967285,1.8509039878845215,0.39068150520324707,0.2930610179901123,0.06047391891479492,0.5360302925109863,0.0982363224029541
330,92.83,91.57,94.12,92.25,94.47666666666666,91.67833333333333,94.815,92.93166666666667,0.5869066715240479,0.2461092472076416,1.8415074348449707,0.39472150802612305,0.29337286949157715,0.05802655220031738,0.5338048934936523,0.10391092300415039
331,93.86,92.31,94.53,91.8,95.27,92.60166666666667,95.31166666666667,92.28833333333334,0.5968821048736572,0.24669146537780762,1.8508460521697998,0.38991737365722656,0.2991824150085449,0.05839180946350098,0.5424716472625732,0.10027027130126953
332,94.25,91.77,93.55,93.4,95.70166666666667,92.13833333333334,94.68166666666666,93.405,0.6056404113769531,0.24625325202941895,1.8412816524505615,0.38768744468688965,0.2979164123535156,0.052851200103759766,0.5341060161590576,0.09868073463439941
333,94.07,91.85,94.39999999999999,92.58,95.25666666666666,91.97833333333332,95.16666666666667,93.07166666666666,0.5937161445617676,0.24566054344177246,1.8450067043304443,0.39262819290161133,0.2947821617126465,0.05309772491455078,0.5448868274688721,0.10011649131774902
334,94.37,89.96,93.93,92.15,95.68166666666667,90.335,94.84666666666666,92.72666666666667,0.5926868915557861,0.24643921852111816,1.8395874500274658,0.3927903175354004,0.3037087917327881,0.05208945274353027,0.5382189750671387,0.09815025329589844
335,94.1,91.41,93.91000000000001,91.64,95.245,91.99333333333334,94.86166666666666,92.39,0.6150379180908203,0.24631643295288086,1.8372321128845215,0.40136289596557617,0.29593873023986816,0.052585601806640625,0.5384864807128906,0.09885811805725098
336,94.28999999999999,91.85,93.78999999999999,91.75999999999999,95.36166666666666,91.97666666666666,94.73,92.03666666666666,0.5956454277038574,0.24296307563781738,1.8589558601379395,0.39352989196777344,0.28931665420532227,0.05209541320800781,0.5416879653930664,0.09912514686584473
337,94.58,91.86,94.23,92.07,95.88333333333333,92.03333333333333,95.01833333333335,92.61166666666666,0.605410099029541,0.246107816696167,1.8543434143066406,0.3895125389099121,0.29050588607788086,0.05168414115905762,0.5492208003997803,0.09920072555541992
338,93.41000000000001,90.39,94.02000000000001,92.72,94.8,90.92666666666666,94.75,93.22166666666666,0.6049070358276367,0.242401123046875,1.8564577102661133,0.38878512382507324,0.2931511402130127,0.06596517562866211,0.5488922595977783,0.09954428672790527
339,93.5,92.30000000000001,92.56,92.97999999999999,94.80166666666666,92.08333333333333,93.42333333333333,93.515,0.6149547100067139,0.24335122108459473,1.8394219875335693,0.3883345127105713,0.2902214527130127,0.055219411849975586,0.5529458522796631,0.09851789474487305
340,94.21000000000001,91.16,93.07,92.07,95.62666666666667,91.32833333333333,93.8,92.54,0.6083164215087891,0.25479769706726074,1.8352999687194824,0.3889749050140381,0.28374576568603516,0.05352020263671875,0.5522489547729492,0.10150527954101562
341,93.87,91.2,93.63,91.9,95.40166666666666,91.52333333333334,94.61,92.375,0.5999391078948975,0.243027925491333,1.8438191413879395,0.3890981674194336,0.29030799865722656,0.057806968688964844,0.5396592617034912,0.09834957122802734
342,94.53,91.05,93.30000000000001,92.13,96.31666666666666,91.525,93.98666666666666,92.39,0.6035497188568115,0.2437741756439209,1.8556947708129883,0.38782763481140137,0.2884523868560791,0.052257537841796875,0.5431804656982422,0.10944414138793945
343,94.33,90.82000000000001,94.08999999999999,90.53,95.905,91.19166666666668,94.92166666666667,91.15833333333333,0.60262131690979,0.24154090881347656,1.8358333110809326,0.3881494998931885,0.2929391860961914,0.05378246307373047,0.5379822254180908,0.09938693046569824
344,93.97999999999999,91.93,92.71000000000001,91.7,95.65166666666667,92.46833333333333,93.46666666666667,92.17999999999999,0.6074504852294922,0.24291753768920898,1.849447250366211,0.3855147361755371,0.2824540138244629,0.05714559555053711,0.5529985427856445,0.10043454170227051
345,93.95,91.24,94.08999999999999,93.61,95.46833333333333,91.69333333333334,94.75833333333334,93.96833333333333,0.6050076484680176,0.24444580078125,1.8568406105041504,0.3863222599029541,0.3057856559753418,0.060518503189086914,0.5524287223815918,0.10241127014160156
346,94.6,90.81,93.97,91.16,96.075,91.27166666666666,94.72833333333334,91.51666666666667,0.5993082523345947,0.24601960182189941,1.8226330280303955,0.39028096199035645,0.2996068000793457,0.0511631965637207,0.5438394546508789,0.0987708568572998
347,94.41000000000001,90.34,93.77,92.75,95.79666666666667,91.295,94.56333333333333,93.5,0.5979042053222656,0.24529409408569336,1.8267202377319336,0.39366626739501953,0.28800249099731445,0.05639219284057617,0.5393505096435547,0.09939146041870117
348,93.56,90.66,94.44,92.56,95.17333333333333,91.11666666666667,94.82666666666667,93.13333333333334,0.6035115718841553,0.24300837516784668,1.83660888671875,0.3912191390991211,0.2969832420349121,0.06248950958251953,0.5337245464324951,0.09993863105773926
349,92.75,90.12,93.61,91.77,94.39166666666667,90.51333333333334,94.815,92.45166666666667,0.5985760688781738,0.24407196044921875,1.8637077808380127,0.3915562629699707,0.28565359115600586,0.05148673057556152,0.5526120662689209,0.09956860542297363
350,93.8,90.4,93.75,92.24,95.51333333333332,91.16833333333332,94.395,92.94666666666667,0.6052236557006836,0.24488282203674316,1.847472906112671,0.39081835746765137,0.28923797607421875,0.051642656326293945,0.5441784858703613,0.09847450256347656
351,94.61,91.58,94.07,91.71000000000001,96.045,92.09666666666666,94.93833333333333,92.44833333333334,0.5940096378326416,0.25006866455078125,1.8630115985870361,0.39684414863586426,0.29539942741394043,0.051972150802612305,0.5488250255584717,0.10554718971252441
352,93.15,91.23,93.56,92.86,94.37333333333333,91.14166666666667,94.68333333333334,93.05666666666667,0.6002688407897949,0.2406177520751953,1.8542542457580566,0.39885973930358887,0.28956007957458496,0.050652503967285156,0.544471025466919,0.0995931625366211
353,91.94,91.86999999999999,94.44,91.56,93.54333333333334,92.28333333333333,95.31666666666668,92.495,0.6036994457244873,0.24074673652648926,1.8407471179962158,0.3888723850250244,0.29010844230651855,0.05177736282348633,0.5529778003692627,0.1031181812286377
354,94.03,90.55,92.86,90.16999999999999,95.73,90.94,93.92666666666668,90.89833333333334,0.6012871265411377,0.24802541732788086,1.8495385646820068,0.3925487995147705,0.2950313091278076,0.05171370506286621,0.5479509830474854,0.1000986099243164
355,93.91000000000001,89.77000000000001,93.26,92.53,95.63166666666667,89.95666666666666,94.05666666666667,92.58833333333332,0.6111903190612793,0.24543523788452148,1.8300716876983643,0.38875579833984375,0.29759836196899414,0.05170416831970215,0.5608258247375488,0.10280704498291016
356,94.3,92.23,94.42,93.04,95.91,92.5,95.465,93.22833333333334,0.6123721599578857,0.2425975799560547,1.8449716567993164,0.3935370445251465,0.2920870780944824,0.05166125297546387,0.5533430576324463,0.10246920585632324
357,93.84,90.02,93.60000000000001,92.35,95.23333333333333,89.91666666666667,94.535,92.755,0.6017298698425293,0.2431964874267578,1.8596434593200684,0.3867039680480957,0.29277801513671875,0.05146050453186035,0.5523946285247803,0.10091567039489746
358,94.25,91.97999999999999,93.7,92.58999999999999,95.19333333333333,91.92666666666666,94.84,93.145,0.6053869724273682,0.24560976028442383,1.8553400039672852,0.3909001350402832,0.29063940048217773,0.052515506744384766,0.5473649501800537,0.0992879867553711
359,94.63000000000001,91.53,93.60000000000001,92.04,95.79333333333334,91.94333333333333,94.57333333333334,92.74666666666667,0.6019971370697021,0.24429726600646973,1.841005563735962,0.38662290573120117,0.29058361053466797,0.05975198745727539,0.5504937171936035,0.1003725528717041
